	time	vol	rpm	duty
0	2519.0	622.0	0.0	0.0
1	3023.0	622.0	0.0	0.0
2	3528.0	622.0	0.0	0.0
3	4030.0	622.0	0.0	0.0
4	4535.0	622.0	0.0	0.0
5	5037.0	622.0	0.0	0.0
6	5541.0	623.0	0.0	0.0
7	6046.0	622.0	0.0	0.0
8	6548.0	622.0	0.0	0.0
9	7053.0	622.0	0.0	0.0
10	7555.0	623.0	0.0	0.0
11	8059.0	623.0	0.0	0.0
12	8564.0	623.0	0.0	0.0
13	9066.0	623.0	0.0	0.0
14	9571.0	622.0	0.0	0.0
15	10073.0	623.0	0.0	0.0
16	10577.0	623.0	0.0	0.0
17	11079.0	623.0	0.0	0.0
18	11581.0	623.0	0.0	0.0
19	12086.0	623.0	0.0	0.0
20	12588.0	623.0	0.0	0.0
21	13092.0	623.0	0.0	0.0
22	13594.0	623.0	0.0	0.0
23	14096.0	623.0	0.0	0.0
24	14598.0	623.0	0.0	0.0
25	15102.0	623.0	0.0	0.0
26	15607.0	623.0	0.0	0.0
27	16109.0	623.0	0.0	0.0
28	16611.0	623.0	0.0	0.0
29	17113.0	624.0	0.0	0.0
30	17617.0	623.0	0.0	0.0
31	18119.0	624.0	0.0	0.0
32	18621.0	623.0	0.0	0.0
33	19123.0	623.0	0.0	0.0
34	19628.0	623.0	0.0	0.0
35	20132.0	624.0	0.0	0.0
36	20634.0	624.0	0.0	0.0
37	21136.0	624.0	0.0	0.0
38	21638.0	624.0	0.0	0.0
39	22144.0	623.0	0.0	0.0
40	22648.0	624.0	0.0	0.0
41	23153.0	624.0	0.0	0.0
42	23658.0	624.0	0.0	0.0
43	24163.0	624.0	0.0	0.0
44	24665.0	623.0	0.0	0.0
45	25169.0	623.0	0.0	0.0
46	25671.0	624.0	0.0	0.0
47	26173.0	624.0	0.0	0.0
48	26675.0	624.0	0.0	0.0
49	27180.0	623.0	0.0	0.0
50	27684.0	624.0	0.0	0.0
51	28186.0	624.0	0.0	0.0
52	28688.0	624.0	0.0	0.0
53	29190.0	624.0	0.0	0.0
54	29694.0	623.0	0.0	0.0
55	30200.0	624.0	0.0	0.0
56	30705.0	624.0	0.0	0.0
57	31210.0	624.0	0.0	0.0
58	31715.0	624.0	0.0	0.0
59	32220.0	624.0	0.0	0.0
60	32724.0	624.0	0.0	0.0
61	33229.0	624.0	0.0	0.0
62	33731.0	623.0	0.0	0.0
63	34233.0	624.0	0.0	0.0
64	34735.0	624.0	0.0	0.0
65	35239.0	624.0	0.0	0.0
66	35741.0	624.0	0.0	0.0
67	36243.0	624.0	0.0	0.0
68	36745.0	624.0	0.0	0.0
69	37250.0	624.0	0.0	0.0
70	37754.0	624.0	0.0	0.0
71	38256.0	624.0	0.0	0.0
72	38758.0	625.0	0.0	0.0
73	39260.0	624.0	0.0	0.0
74	39764.0	624.0	0.0	0.0
75	40269.0	625.0	0.0	0.0
76	40771.0	625.0	0.0	0.0
77	41273.0	624.0	0.0	0.0
78	41775.0	625.0	0.0	0.0
79	42279.0	625.0	0.0	0.0
80	42781.0	625.0	0.0	0.0
81	43283.0	625.0	0.0	0.0
82	43785.0	625.0	0.0	0.0
83	44290.0	625.0	0.0	0.0
84	44794.0	625.0	0.0	0.0
85	45296.0	624.0	0.0	0.0
86	45798.0	625.0	0.0	0.0
87	46300.0	625.0	0.0	0.0
88	46804.0	625.0	0.0	0.0
89	47309.0	625.0	0.0	0.0
90	47811.0	625.0	0.0	0.0
91	48313.0	625.0	0.0	0.0
92	48815.0	625.0	0.0	0.0
93	49319.0	625.0	0.0	0.0
94	49821.0	625.0	0.0	0.0
95	50323.0	625.0	0.0	0.0
96	50825.0	625.0	0.0	0.0
97	51330.0	625.0	0.0	0.0
98	51834.0	625.0	0.0	0.0
99	52336.0	625.0	0.0	0.0
100	52838.0	625.0	0.0	0.0
101	53340.0	625.0	0.0	0.0
102	53844.0	625.0	0.0	0.0
103	54349.0	625.0	0.0	0.0
104	54851.0	625.0	0.0	0.0
105	55353.0	625.0	0.0	0.0
106	55855.0	625.0	0.0	0.0
107	56359.0	625.0	0.0	0.0
108	56861.0	625.0	0.0	0.0
109	57363.0	625.0	0.0	0.0
110	57865.0	625.0	0.0	0.0
111	58370.0	625.0	0.0	0.0
112	58874.0	625.0	0.0	0.0
113	59376.0	625.0	0.0	0.0
114	59878.0	625.0	0.0	0.0
115	60380.0	625.0	0.0	0.0
116	60884.0	625.0	0.0	0.0
117	61389.0	625.0	0.0	0.0
118	61891.0	625.0	0.0	0.0
119	62393.0	625.0	0.0	0.0
120	62895.0	625.0	0.0	0.0
121	63399.0	626.0	0.0	0.0
122	63901.0	625.0	0.0	0.0
123	64403.0	625.0	0.0	0.0
124	64905.0	626.0	0.0	0.0
125	65410.0	626.0	0.0	0.0
126	65914.0	625.0	0.0	0.0
127	66416.0	625.0	0.0	0.0
128	66918.0	625.0	0.0	0.0
129	67420.0	625.0	0.0	0.0
130	67924.0	626.0	0.0	0.0
131	68429.0	626.0	0.0	0.0
132	68931.0	626.0	0.0	0.0
133	69433.0	625.0	0.0	0.0
134	69935.0	626.0	0.0	0.0
135	70439.0	626.0	0.0	0.0
136	70941.0	626.0	0.0	0.0
137	71443.0	626.0	0.0	0.0
138	71945.0	626.0	0.0	0.0
139	72450.0	625.0	0.0	0.0
140	72954.0	625.0	0.0	0.0
141	73456.0	625.0	0.0	0.0
142	73958.0	625.0	0.0	0.0
143	74460.0	626.0	0.0	0.0
144	74964.0	626.0	0.0	0.0
145	75469.0	625.0	0.0	0.0
146	75971.0	626.0	0.0	0.0
147	76473.0	626.0	0.0	0.0
148	76975.0	626.0	0.0	0.0
149	77479.0	626.0	0.0	0.0
150	77981.0	626.0	0.0	0.0
151	78483.0	626.0	0.0	0.0
152	78985.0	626.0	0.0	0.0
153	79490.0	626.0	0.0	0.0
154	79994.0	626.0	0.0	0.0
155	80496.0	627.0	0.0	0.0
156	80998.0	626.0	0.0	0.0
157	81500.0	626.0	0.0	0.0
158	82004.0	626.0	0.0	0.0
159	82509.0	626.0	0.0	0.0
160	83011.0	626.0	0.0	0.0
161	83513.0	626.0	0.0	0.0
162	84015.0	626.0	0.0	0.0
163	84519.0	626.0	0.0	0.0
164	85021.0	627.0	0.0	0.0
165	85523.0	627.0	0.0	0.0
166	86025.0	627.0	0.0	0.0
167	86530.0	627.0	0.0	0.0
168	87034.0	626.0	0.0	0.0
169	87536.0	626.0	0.0	0.0
170	88038.0	627.0	0.0	0.0
171	88540.0	627.0	0.0	0.0
172	89044.0	627.0	0.0	0.0
173	89549.0	627.0	0.0	0.0
174	90051.0	627.0	0.0	0.0
175	90553.0	627.0	0.0	0.0
176	91055.0	627.0	0.0	0.0
177	91559.0	627.0	0.0	0.0
178	92061.0	627.0	0.0	0.0
179	92563.0	627.0	0.0	0.0
180	93065.0	628.0	0.0	0.0
181	93570.0	627.0	0.0	0.0
182	94074.0	627.0	0.0	0.0
183	94576.0	627.0	0.0	0.0
184	95078.0	627.0	0.0	0.0
185	95580.0	627.0	0.0	0.0
186	96084.0	627.0	0.0	0.0
187	96589.0	627.0	0.0	0.0
188	97091.0	627.0	0.0	0.0
189	97593.0	627.0	0.0	0.0
190	98095.0	627.0	0.0	0.0
191	98599.0	628.0	0.0	0.0
192	99101.0	627.0	0.0	0.0
193	99603.0	628.0	0.0	0.0
194	100105.0	627.0	0.0	0.0
195	100610.0	627.0	0.0	0.0
196	101115.0	627.0	0.0	0.0
197	101620.0	627.0	0.0	0.0
198	102125.0	627.0	0.0	0.0
199	102630.0	627.0	0.0	0.0
200	103132.0	627.0	0.0	0.0
201	103636.0	627.0	0.0	0.0
202	104141.0	627.0	0.0	0.0
203	104643.0	626.0	0.0	0.0
204	105145.0	627.0	0.0	0.0
205	105647.0	626.0	0.0	0.0
206	106152.0	627.0	0.0	0.0
207	106657.0	627.0	0.0	0.0
208	107162.0	626.0	0.0	0.0
209	107667.0	626.0	0.0	0.0
210	108169.0	626.0	0.0	0.0
211	108674.0	626.0	0.0	0.0
212	109178.0	626.0	0.0	0.0
213	109680.0	626.0	0.0	0.0
214	110182.0	626.0	0.0	0.0
215	110684.0	626.0	0.0	0.0
216	111190.0	626.0	0.0	0.0
217	111694.0	625.0	0.0	0.0
218	112199.0	626.0	0.0	0.0
219	112704.0	626.0	0.0	0.0
220	113206.0	626.0	0.0	0.0
221	113708.0	626.0	0.0	0.0
222	114212.0	625.0	0.0	0.0
223	114714.0	626.0	0.0	0.0
224	115216.0	626.0	0.0	0.0
225	115718.0	625.0	0.0	0.0
226	116222.0	626.0	0.0	0.0
227	116728.0	626.0	0.0	0.0
228	117233.0	626.0	0.0	0.0
229	117738.0	626.0	0.0	0.0
230	118243.0	626.0	0.0	0.0
231	118745.0	626.0	0.0	0.0
232	119249.0	625.0	0.0	0.0
233	119751.0	626.0	0.0	0.0
234	120253.0	626.0	0.0	0.0
235	120755.0	626.0	0.0	0.0
236	121260.0	626.0	0.0	0.0
237	121765.0	626.0	0.0	0.0
238	122270.0	630.0	0.0	15.0
239	122775.0	627.0	180.0	15.0
240	123279.0	626.0	360.0	15.0
241	123784.0	625.0	300.0	15.0
242	124289.0	625.0	300.0	15.0
243	124793.0	625.0	300.0	15.0
244	125298.0	624.0	300.0	15.0
245	125802.0	624.0	240.0	15.0
246	126307.0	623.0	240.0	15.0
247	126812.0	623.0	240.0	15.0
248	127316.0	623.0	240.0	15.0
249	127821.0	622.0	240.0	15.0
250	128326.0	622.0	240.0	15.0
251	128831.0	622.0	240.0	15.0
252	129336.0	621.0	240.0	15.0
253	129841.0	620.0	240.0	15.0
254	130345.0	621.0	180.0	15.0
255	130849.0	620.0	240.0	15.0
256	131354.0	619.0	240.0	15.0
257	131859.0	619.0	240.0	15.0
258	132361.0	619.0	180.0	15.0
259	132866.0	619.0	240.0	15.0
260	133370.0	619.0	240.0	15.0
261	133875.0	618.0	180.0	15.0
262	134380.0	617.0	240.0	15.0
263	134885.0	617.0	240.0	15.0
264	135390.0	617.0	180.0	15.0
265	135895.0	616.0	240.0	15.0
266	136398.0	617.0	240.0	15.0
267	136903.0	616.0	180.0	15.0
268	137408.0	615.0	240.0	15.0
269	137913.0	615.0	240.0	15.0
270	138415.0	615.0	180.0	15.0
271	138919.0	615.0	240.0	15.0
272	139424.0	615.0	240.0	15.0
273	139929.0	613.0	180.0	15.0
274	140434.0	614.0	240.0	15.0
275	140939.0	614.0	240.0	15.0
276	141444.0	614.0	180.0	15.0
277	141948.0	614.0	240.0	15.0
278	142452.0	613.0	240.0	15.0
279	142957.0	614.0	180.0	15.0
280	143462.0	613.0	240.0	15.0
281	143967.0	613.0	240.0	15.0
282	144472.0	613.0	180.0	15.0
283	144976.0	611.0	240.0	15.0
284	145481.0	612.0	240.0	15.0
285	145986.0	612.0	180.0	15.0
286	146491.0	612.0	240.0	15.0
287	146996.0	611.0	240.0	15.0
288	147501.0	611.0	240.0	15.0
289	148005.0	613.0	180.0	15.0
290	148510.0	611.0	240.0	15.0
291	149014.0	611.0	240.0	15.0
292	149519.0	611.0	180.0	15.0
293	150024.0	613.0	240.0	15.0
294	150529.0	611.0	240.0	15.0
295	151033.0	610.0	180.0	15.0
296	151538.0	610.0	240.0	15.0
297	152043.0	610.0	240.0	15.0
298	152548.0	612.0	180.0	15.0
299	153053.0	610.0	240.0	15.0
300	153558.0	609.0	240.0	15.0
301	154062.0	609.0	180.0	15.0
302	154567.0	610.0	240.0	15.0
303	155072.0	609.0	240.0	15.0
304	155577.0	609.0	180.0	15.0
305	156081.0	609.0	240.0	15.0
306	156585.0	609.0	240.0	15.0
307	157090.0	609.0	240.0	15.0
308	157592.0	609.0	180.0	15.0
309	158097.0	608.0	240.0	15.0
310	158602.0	608.0	240.0	15.0
311	159107.0	609.0	180.0	15.0
312	159611.0	608.0	240.0	15.0
313	160116.0	608.0	240.0	15.0
314	160621.0	611.0	180.0	15.0
315	161125.0	608.0	240.0	15.0
316	161630.0	608.0	240.0	15.0
317	162135.0	610.0	180.0	15.0
318	162639.0	608.0	240.0	15.0
319	163144.0	608.0	240.0	15.0
320	163649.0	607.0	240.0	15.0
321	164154.0	607.0	180.0	15.0
322	164659.0	607.0	240.0	15.0
323	165164.0	607.0	240.0	15.0
324	165668.0	608.0	180.0	15.0
325	166173.0	608.0	240.0	15.0
326	166678.0	608.0	240.0	15.0
327	167183.0	607.0	180.0	15.0
328	167687.0	607.0	240.0	15.0
329	168192.0	608.0	240.0	15.0
330	168696.0	607.0	240.0	15.0
331	169198.0	607.0	180.0	15.0
332	169703.0	607.0	240.0	15.0
333	170208.0	607.0	240.0	15.0
334	170713.0	607.0	180.0	15.0
335	171217.0	607.0	240.0	15.0
336	171722.0	607.0	240.0	15.0
337	172227.0	607.0	180.0	15.0
338	172731.0	607.0	240.0	15.0
339	173236.0	607.0	240.0	15.0
340	173741.0	607.0	240.0	15.0
341	174245.0	607.0	180.0	15.0
342	174750.0	606.0	240.0	15.0
343	175255.0	607.0	240.0	15.0
344	175760.0	606.0	180.0	15.0
345	176265.0	607.0	240.0	15.0
346	176770.0	606.0	240.0	15.0
347	177274.0	607.0	180.0	15.0
348	177779.0	607.0	240.0	15.0
349	178283.0	606.0	240.0	15.0
350	178788.0	606.0	240.0	15.0
351	179290.0	607.0	180.0	15.0
352	179794.0	607.0	240.0	15.0
353	180299.0	607.0	240.0	15.0
354	180804.0	606.0	180.0	15.0
355	181309.0	607.0	240.0	15.0
356	181814.0	607.0	240.0	15.0
357	182319.0	607.0	180.0	15.0
358	182823.0	606.0	240.0	15.0
359	183327.0	606.0	240.0	15.0
360	183832.0	608.0	240.0	15.0
361	184334.0	606.0	180.0	15.0
362	184839.0	606.0	240.0	15.0
363	185344.0	604.0	240.0	15.0
364	185848.0	606.0	180.0	15.0
365	186353.0	606.0	240.0	15.0
366	186858.0	605.0	240.0	15.0
367	187363.0	607.0	180.0	15.0
368	187868.0	606.0	240.0	15.0
369	188371.0	606.0	240.0	15.0
370	188876.0	606.0	240.0	15.0
371	189381.0	606.0	180.0	15.0
372	189886.0	606.0	240.0	15.0
373	190388.0	605.0	240.0	15.0
374	190893.0	606.0	180.0	15.0
375	191397.0	606.0	240.0	15.0
376	191902.0	605.0	240.0	15.0
377	192407.0	605.0	180.0	15.0
378	192912.0	605.0	240.0	15.0
379	193417.0	605.0	240.0	15.0
380	193921.0	604.0	240.0	15.0
381	194425.0	605.0	180.0	15.0
382	194930.0	605.0	240.0	15.0
383	195435.0	605.0	240.0	15.0
384	195937.0	605.0	180.0	15.0
385	196442.0	604.0	240.0	15.0
386	196946.0	605.0	240.0	15.0
387	197451.0	605.0	180.0	15.0
388	197956.0	605.0	240.0	15.0
389	198461.0	605.0	240.0	15.0
390	198966.0	605.0	240.0	15.0
391	199471.0	605.0	180.0	15.0
392	199974.0	604.0	240.0	15.0
393	200479.0	604.0	240.0	15.0
394	200984.0	605.0	180.0	15.0
395	201489.0	603.0	240.0	15.0
396	201994.0	604.0	240.0	15.0
397	202499.0	604.0	180.0	15.0
398	203003.0	605.0	240.0	15.0
399	203508.0	603.0	240.0	15.0
400	204013.0	604.0	240.0	15.0
401	204518.0	604.0	180.0	15.0
402	205023.0	604.0	240.0	15.0
403	205528.0	604.0	240.0	15.0
404	206032.0	604.0	180.0	15.0
405	206536.0	605.0	240.0	15.0
406	207041.0	605.0	240.0	15.0
407	207546.0	604.0	180.0	15.0
408	208051.0	604.0	240.0	15.0
409	208556.0	605.0	240.0	15.0
410	209060.0	604.0	240.0	15.0
411	209565.0	605.0	180.0	15.0
412	210070.0	604.0	240.0	15.0
413	210575.0	604.0	240.0	15.0
414	211080.0	604.0	180.0	15.0
415	211585.0	605.0	240.0	15.0
416	212089.0	604.0	240.0	15.0
417	212594.0	605.0	180.0	15.0
418	213098.0	605.0	240.0	15.0
419	213603.0	604.0	240.0	15.0
420	214108.0	605.0	240.0	15.0
421	214612.0	604.0	180.0	15.0
422	215117.0	605.0	240.0	15.0
423	215622.0	604.0	240.0	15.0
424	216127.0	604.0	180.0	15.0
425	216632.0	604.0	240.0	15.0
426	217137.0	605.0	240.0	15.0
427	217641.0	605.0	180.0	15.0
428	218146.0	604.0	240.0	15.0
429	218651.0	605.0	240.0	15.0
430	219155.0	604.0	240.0	15.0
431	219660.0	604.0	180.0	15.0
432	220165.0	605.0	240.0	15.0
433	220669.0	605.0	240.0	15.0
434	221171.0	605.0	180.0	15.0
435	221676.0	605.0	240.0	15.0
436	222181.0	605.0	240.0	15.0
437	222686.0	605.0	180.0	15.0
438	223191.0	605.0	240.0	15.0
439	223695.0	605.0	240.0	15.0
440	224199.0	605.0	240.0	15.0
441	224704.0	605.0	180.0	15.0
442	225209.0	605.0	240.0	15.0
443	225714.0	605.0	240.0	15.0
444	226219.0	605.0	180.0	15.0
445	226723.0	604.0	240.0	15.0
446	227228.0	605.0	240.0	15.0
447	227733.0	605.0	180.0	15.0
448	228238.0	605.0	240.0	15.0
449	228743.0	605.0	240.0	15.0
450	229248.0	605.0	240.0	15.0
451	229752.0	605.0	180.0	15.0
452	230257.0	605.0	240.0	15.0
453	230762.0	605.0	240.0	15.0
454	231267.0	605.0	180.0	15.0
455	231772.0	605.0	240.0	15.0
456	232275.0	605.0	240.0	15.0
457	232780.0	604.0	180.0	15.0
458	233285.0	605.0	240.0	15.0
459	233787.0	605.0	240.0	15.0
460	234292.0	605.0	180.0	15.0
461	234797.0	604.0	240.0	15.0
462	235301.0	605.0	240.0	15.0
463	235806.0	605.0	240.0	15.0
464	236311.0	605.0	180.0	15.0
465	236816.0	605.0	240.0	15.0
466	237320.0	605.0	240.0	15.0
467	237825.0	605.0	180.0	15.0
468	238329.0	605.0	240.0	15.0
469	238834.0	605.0	240.0	15.0
470	239336.0	605.0	180.0	15.0
471	239841.0	605.0	240.0	15.0
472	240346.0	604.0	240.0	15.0
473	240850.0	605.0	180.0	15.0
474	241355.0	605.0	240.0	15.0
475	241860.0	605.0	240.0	15.0
476	242365.0	605.0	240.0	55.0
477	242869.0	603.0	240.0	55.0
478	243374.0	604.0	360.0	55.0
479	243878.0	605.0	360.0	55.0
480	244382.0	603.0	420.0	55.0
481	244887.0	604.0	420.0	55.0
482	245392.0	601.0	420.0	55.0
483	245896.0	602.0	420.0	55.0
484	246401.0	602.0	480.0	55.0
485	246904.0	602.0	480.0	55.0
486	247409.0	601.0	420.0	55.0
487	247913.0	600.0	480.0	55.0
488	248418.0	601.0	480.0	55.0
489	248922.0	599.0	480.0	55.0
490	249425.0	597.0	480.0	55.0
491	249930.0	602.0	480.0	55.0
492	250434.0	597.0	480.0	55.0
493	250939.0	596.0	480.0	55.0
494	251443.0	595.0	480.0	55.0
495	251948.0	595.0	480.0	55.0
496	252451.0	594.0	480.0	55.0
497	252956.0	594.0	480.0	55.0
498	253460.0	593.0	480.0	55.0
499	253965.0	592.0	480.0	55.0
500	254469.0	592.0	480.0	55.0
501	254973.0	591.0	480.0	55.0
502	255477.0	591.0	480.0	55.0
503	255982.0	590.0	480.0	55.0
504	256486.0	589.0	480.0	55.0
505	256991.0	589.0	480.0	55.0
506	257495.0	588.0	480.0	55.0
507	257999.0	587.0	480.0	55.0
508	258503.0	588.0	480.0	55.0
509	259008.0	588.0	480.0	55.0
510	259512.0	587.0	480.0	55.0
511	260017.0	585.0	480.0	55.0
512	260520.0	586.0	480.0	55.0
513	261025.0	586.0	480.0	55.0
514	261529.0	586.0	480.0	55.0
515	262034.0	585.0	480.0	55.0
516	262538.0	585.0	480.0	55.0
517	263043.0	584.0	480.0	55.0
518	263546.0	584.0	480.0	55.0
519	264051.0	583.0	480.0	55.0
520	264555.0	583.0	480.0	55.0
521	265060.0	583.0	480.0	55.0
522	265564.0	582.0	480.0	55.0
523	266068.0	583.0	480.0	55.0
524	266572.0	582.0	480.0	55.0
525	267077.0	583.0	480.0	55.0
526	267581.0	581.0	480.0	55.0
527	268086.0	581.0	480.0	55.0
528	268590.0	581.0	480.0	55.0
529	269094.0	580.0	480.0	55.0
530	269598.0	580.0	480.0	55.0
531	270103.0	580.0	480.0	55.0
532	270607.0	580.0	480.0	55.0
533	271112.0	580.0	480.0	55.0
534	271616.0	580.0	480.0	55.0
535	272120.0	579.0	480.0	55.0
536	272624.0	579.0	480.0	55.0
537	273129.0	579.0	480.0	55.0
538	273633.0	578.0	480.0	55.0
539	274138.0	579.0	480.0	55.0
540	274641.0	578.0	480.0	55.0
541	275146.0	578.0	480.0	55.0
542	275650.0	578.0	480.0	55.0
543	276155.0	580.0	480.0	55.0
544	276659.0	578.0	480.0	55.0
545	277164.0	577.0	480.0	55.0
546	277667.0	577.0	480.0	55.0
547	278172.0	575.0	480.0	55.0
548	278676.0	577.0	480.0	55.0
549	279181.0	576.0	480.0	55.0
550	279685.0	577.0	480.0	55.0
551	280189.0	575.0	480.0	55.0
552	280693.0	576.0	480.0	55.0
553	281198.0	577.0	480.0	55.0
554	281702.0	575.0	480.0	55.0
555	282207.0	575.0	480.0	55.0
556	282711.0	576.0	480.0	55.0
557	283214.0	576.0	540.0	55.0
558	283719.0	575.0	480.0	55.0
559	284223.0	575.0	480.0	55.0
560	284728.0	575.0	480.0	55.0
561	285232.0	575.0	480.0	55.0
562	285736.0	575.0	480.0	55.0
563	286240.0	575.0	480.0	55.0
564	286745.0	575.0	480.0	55.0
565	287249.0	575.0	480.0	55.0
566	287754.0	575.0	480.0	55.0
567	288258.0	574.0	480.0	55.0
568	288762.0	575.0	480.0	55.0
569	289266.0	574.0	480.0	55.0
570	289771.0	574.0	480.0	55.0
571	290275.0	575.0	480.0	55.0
572	290780.0	575.0	480.0	55.0
573	291283.0	574.0	480.0	55.0
574	291788.0	574.0	480.0	55.0
575	292292.0	573.0	480.0	55.0
576	292797.0	574.0	480.0	55.0
577	293301.0	574.0	480.0	55.0
578	293806.0	574.0	480.0	55.0
579	294309.0	574.0	480.0	55.0
580	294814.0	574.0	480.0	55.0
581	295318.0	574.0	480.0	55.0
582	295822.0	574.0	480.0	55.0
583	296327.0	573.0	480.0	55.0
584	296830.0	573.0	480.0	55.0
585	297335.0	572.0	480.0	55.0
586	297839.0	572.0	480.0	55.0
587	298344.0	570.0	480.0	55.0
588	298848.0	574.0	480.0	55.0
589	299353.0	573.0	480.0	55.0
590	299856.0	573.0	480.0	55.0
591	300361.0	573.0	480.0	55.0
592	300865.0	572.0	480.0	55.0
593	301370.0	573.0	480.0	55.0
594	301874.0	573.0	480.0	55.0
595	302379.0	572.0	480.0	55.0
596	302882.0	573.0	480.0	55.0
597	303387.0	573.0	480.0	55.0
598	303891.0	573.0	480.0	55.0
599	304395.0	573.0	480.0	55.0
600	304900.0	573.0	480.0	55.0
601	305403.0	574.0	480.0	55.0
602	305908.0	573.0	480.0	55.0
603	306412.0	572.0	480.0	55.0
604	306917.0	573.0	480.0	55.0
605	307421.0	572.0	480.0	55.0
606	307926.0	573.0	480.0	55.0
607	308429.0	573.0	480.0	55.0
608	308934.0	572.0	480.0	55.0
609	309438.0	572.0	480.0	55.0
610	309943.0	573.0	480.0	55.0
611	310447.0	564.0	480.0	55.0
612	310951.0	573.0	480.0	55.0
613	311455.0	572.0	540.0	55.0
614	311960.0	572.0	480.0	55.0
615	312464.0	572.0	480.0	55.0
616	312969.0	572.0	480.0	55.0
617	313473.0	572.0	480.0	55.0
618	313977.0	571.0	480.0	55.0
619	314481.0	573.0	480.0	55.0
620	314986.0	572.0	480.0	55.0
621	315490.0	573.0	480.0	55.0
622	315995.0	572.0	480.0	55.0
623	316498.0	572.0	480.0	55.0
624	317003.0	572.0	480.0	55.0
625	317507.0	572.0	480.0	55.0
626	318012.0	572.0	480.0	55.0
627	318516.0	572.0	480.0	55.0
628	319021.0	572.0	480.0	55.0
629	319524.0	570.0	480.0	55.0
630	320029.0	572.0	480.0	55.0
631	320533.0	573.0	480.0	55.0
632	321038.0	572.0	480.0	55.0
633	321542.0	570.0	480.0	55.0
634	322046.0	571.0	480.0	55.0
635	322550.0	570.0	480.0	55.0
636	323055.0	561.0	480.0	55.0
637	323559.0	572.0	480.0	55.0
638	324064.0	572.0	480.0	55.0
639	324568.0	572.0	480.0	55.0
640	325071.0	573.0	480.0	55.0
641	325576.0	572.0	480.0	55.0
642	326080.0	572.0	480.0	55.0
643	326585.0	572.0	480.0	55.0
644	327089.0	572.0	480.0	55.0
645	327593.0	572.0	480.0	55.0
646	328097.0	572.0	480.0	55.0
647	328602.0	571.0	480.0	55.0
648	329106.0	568.0	480.0	55.0
649	329611.0	572.0	480.0	55.0
650	330115.0	571.0	480.0	55.0
651	330619.0	570.0	480.0	55.0
652	331123.0	572.0	540.0	55.0
653	331628.0	572.0	480.0	55.0
654	332132.0	571.0	480.0	55.0
655	332637.0	572.0	480.0	55.0
656	333140.0	572.0	480.0	55.0
657	333645.0	572.0	480.0	55.0
658	334149.0	571.0	480.0	55.0
659	334654.0	571.0	480.0	55.0
660	335158.0	572.0	480.0	55.0
661	335663.0	572.0	480.0	55.0
662	336166.0	572.0	480.0	55.0
663	336671.0	572.0	480.0	55.0
664	337175.0	572.0	480.0	55.0
665	337680.0	571.0	480.0	55.0
666	338184.0	572.0	480.0	55.0
667	338689.0	572.0	480.0	55.0
668	339192.0	570.0	480.0	55.0
669	339697.0	572.0	480.0	55.0
670	340201.0	570.0	480.0	55.0
671	340706.0	572.0	480.0	55.0
672	341210.0	582.0	480.0	55.0
673	341714.0	571.0	480.0	55.0
674	342218.0	572.0	480.0	55.0
675	342723.0	572.0	480.0	55.0
676	343227.0	572.0	480.0	55.0
677	343732.0	571.0	480.0	55.0
678	344236.0	570.0	480.0	55.0
679	344740.0	572.0	480.0	55.0
680	345244.0	572.0	480.0	55.0
681	345749.0	571.0	480.0	55.0
682	346253.0	571.0	480.0	55.0
683	346757.0	573.0	480.0	55.0
684	347261.0	570.0	480.0	55.0
685	347765.0	570.0	480.0	55.0
686	348270.0	571.0	480.0	55.0
687	348774.0	572.0	480.0	55.0
688	349279.0	571.0	480.0	55.0
689	349783.0	569.0	480.0	55.0
690	350287.0	572.0	480.0	55.0
691	350791.0	571.0	480.0	55.0
692	351296.0	571.0	480.0	55.0
693	351800.0	571.0	540.0	55.0
694	352305.0	570.0	480.0	55.0
695	352808.0	571.0	480.0	55.0
696	353313.0	571.0	480.0	55.0
697	353817.0	571.0	480.0	55.0
698	354322.0	570.0	480.0	55.0
699	354826.0	571.0	480.0	55.0
700	355331.0	571.0	480.0	55.0
701	355834.0	571.0	480.0	55.0
702	356339.0	571.0	480.0	55.0
703	356843.0	571.0	480.0	55.0
704	357348.0	570.0	480.0	55.0
705	357852.0	570.0	480.0	55.0
706	358356.0	570.0	480.0	55.0
707	358860.0	570.0	480.0	55.0
708	359365.0	570.0	480.0	55.0
709	359869.0	572.0	480.0	55.0
710	360374.0	570.0	480.0	55.0
711	360878.0	570.0	480.0	55.0
712	361382.0	570.0	480.0	55.0
713	361886.0	571.0	480.0	55.0
714	362391.0	571.0	480.0	95.0
715	362895.0	570.0	600.0	95.0
716	363399.0	570.0	600.0	95.0
717	363902.0	569.0	720.0	95.0
718	364406.0	570.0	720.0	95.0
719	364910.0	568.0	780.0	95.0
720	365414.0	564.0	780.0	95.0
721	365918.0	567.0	840.0	95.0
722	366420.0	561.0	840.0	95.0
723	366924.0	565.0	840.0	95.0
724	367428.0	565.0	840.0	95.0
725	367932.0	563.0	840.0	95.0
726	368435.0	563.0	900.0	95.0
727	368939.0	564.0	840.0	95.0
728	369442.0	563.0	900.0	95.0
729	369946.0	562.0	840.0	95.0
730	370449.0	561.0	900.0	95.0
731	370953.0	560.0	900.0	95.0
732	371457.0	560.0	840.0	95.0
733	371960.0	560.0	900.0	95.0
734	372463.0	558.0	900.0	95.0
735	372967.0	559.0	840.0	95.0
736	373471.0	558.0	900.0	95.0
737	373975.0	556.0	900.0	95.0
738	374477.0	558.0	900.0	95.0
739	374981.0	557.0	840.0	95.0
740	375485.0	557.0	900.0	95.0
741	375988.0	555.0	900.0	95.0
742	376492.0	556.0	900.0	95.0
743	376995.0	554.0	840.0	95.0
744	377499.0	555.0	900.0	95.0
745	378002.0	554.0	900.0	95.0
746	378506.0	554.0	900.0	95.0
747	379010.0	552.0	840.0	95.0
748	379513.0	552.0	900.0	95.0
749	380016.0	552.0	900.0	95.0
750	380520.0	553.0	900.0	95.0
751	381024.0	551.0	840.0	95.0
752	381527.0	551.0	900.0	95.0
753	382030.0	551.0	900.0	95.0
754	382534.0	550.0	900.0	95.0
755	383038.0	551.0	840.0	95.0
756	383541.0	554.0	900.0	95.0
757	384045.0	549.0	900.0	95.0
758	384548.0	548.0	900.0	95.0
759	385051.0	549.0	900.0	95.0
760	385555.0	547.0	840.0	95.0
761	386059.0	549.0	900.0	95.0
762	386563.0	548.0	900.0	95.0
763	387065.0	548.0	900.0	95.0
764	387569.0	548.0	840.0	95.0
765	388073.0	547.0	900.0	95.0
766	388577.0	546.0	900.0	95.0
767	389080.0	547.0	900.0	95.0
768	389583.0	548.0	840.0	95.0
769	390087.0	548.0	900.0	95.0
770	390590.0	547.0	900.0	95.0
771	391094.0	546.0	900.0	95.0
772	391598.0	548.0	840.0	95.0
773	392101.0	546.0	900.0	95.0
774	392604.0	547.0	900.0	95.0
775	393108.0	546.0	900.0	95.0
776	393612.0	546.0	840.0	95.0
777	394115.0	546.0	900.0	95.0
778	394618.0	546.0	900.0	95.0
779	395122.0	547.0	900.0	95.0
780	395626.0	546.0	840.0	95.0
781	396129.0	546.0	900.0	95.0
782	396633.0	542.0	900.0	95.0
783	397136.0	546.0	900.0	95.0
784	397639.0	545.0	840.0	95.0
785	398143.0	541.0	900.0	95.0
786	398647.0	545.0	900.0	95.0
787	399150.0	544.0	900.0	95.0
788	399653.0	544.0	840.0	95.0
789	400157.0	547.0	900.0	95.0
790	400661.0	544.0	900.0	95.0
791	401164.0	544.0	900.0	95.0
792	401668.0	545.0	840.0	95.0
793	402171.0	544.0	900.0	95.0
794	402674.0	545.0	900.0	95.0
795	403178.0	545.0	840.0	95.0
796	403682.0	546.0	900.0	95.0
797	404186.0	545.0	900.0	95.0
798	404688.0	542.0	900.0	95.0
799	405192.0	545.0	840.0	95.0
800	405696.0	545.0	900.0	95.0
801	406199.0	544.0	900.0	95.0
802	406703.0	544.0	900.0	95.0
803	407206.0	546.0	840.0	95.0
804	407710.0	545.0	900.0	95.0
805	408213.0	544.0	900.0	95.0
806	408717.0	544.0	900.0	95.0
807	409221.0	544.0	840.0	95.0
808	409723.0	544.0	900.0	95.0
809	410227.0	544.0	900.0	95.0
810	410731.0	544.0	840.0	95.0
811	411235.0	544.0	900.0	95.0
812	411738.0	544.0	900.0	95.0
813	412241.0	544.0	900.0	95.0
814	412745.0	543.0	840.0	95.0
815	413248.0	543.0	900.0	95.0
816	413752.0	544.0	900.0	95.0
817	414256.0	544.0	900.0	95.0
818	414759.0	543.0	840.0	95.0
819	415262.0	544.0	900.0	95.0
820	415766.0	543.0	900.0	95.0
821	416270.0	543.0	900.0	95.0
822	416773.0	544.0	840.0	95.0
823	417276.0	543.0	900.0	95.0
824	417780.0	544.0	900.0	95.0
825	418283.0	543.0	900.0	95.0
826	418787.0	544.0	840.0	95.0
827	419291.0	543.0	900.0	95.0
828	419794.0	543.0	900.0	95.0
829	420297.0	543.0	900.0	95.0
830	420801.0	545.0	840.0	95.0
831	421305.0	544.0	900.0	95.0
832	421809.0	543.0	900.0	95.0
833	422311.0	543.0	900.0	95.0
834	422815.0	544.0	840.0	95.0
835	423319.0	544.0	900.0	95.0
836	423822.0	540.0	900.0	95.0
837	424326.0	543.0	900.0	95.0
838	424829.0	543.0	840.0	95.0
839	425333.0	543.0	900.0	95.0
840	425836.0	542.0	900.0	95.0
841	426340.0	543.0	840.0	95.0
842	426844.0	542.0	900.0	95.0
843	427346.0	543.0	900.0	95.0
844	427850.0	543.0	900.0	95.0
845	428354.0	542.0	840.0	95.0
846	428858.0	543.0	900.0	95.0
847	429361.0	543.0	900.0	95.0
848	429864.0	541.0	900.0	95.0
849	430368.0	544.0	840.0	95.0
850	430871.0	545.0	900.0	95.0
851	431375.0	542.0	900.0	95.0
852	431879.0	540.0	900.0	95.0
853	432382.0	542.0	840.0	95.0
854	432885.0	543.0	900.0	95.0
855	433389.0	542.0	900.0	95.0
856	433893.0	543.0	900.0	95.0
857	434397.0	543.0	840.0	95.0
858	434899.0	542.0	900.0	95.0
859	435403.0	543.0	900.0	95.0
860	435907.0	542.0	840.0	95.0
861	436410.0	543.0	900.0	95.0
862	436914.0	542.0	900.0	95.0
863	437417.0	543.0	900.0	95.0
864	437921.0	542.0	840.0	95.0
865	438424.0	543.0	900.0	95.0
866	438928.0	543.0	900.0	95.0
867	439432.0	542.0	840.0	95.0
868	439936.0	543.0	900.0	95.0
869	440438.0	541.0	900.0	95.0
870	440942.0	542.0	900.0	95.0
871	441446.0	543.0	840.0	95.0
872	441949.0	543.0	900.0	95.0
873	442452.0	543.0	900.0	95.0
874	442956.0	543.0	840.0	95.0
875	443460.0	541.0	900.0	95.0
876	443963.0	543.0	900.0	95.0
877	444467.0	541.0	900.0	95.0
878	444971.0	540.0	840.0	95.0
879	445474.0	543.0	900.0	95.0
880	445977.0	541.0	900.0	95.0
881	446481.0	540.0	900.0	95.0
882	446985.0	542.0	840.0	95.0
883	447488.0	541.0	900.0	95.0
884	447991.0	542.0	900.0	95.0
885	448495.0	542.0	840.0	95.0
886	448999.0	543.0	900.0	95.0
887	449502.0	541.0	900.0	95.0
888	450006.0	542.0	900.0	95.0
889	450509.0	543.0	840.0	95.0
890	451013.0	542.0	900.0	95.0
891	451516.0	543.0	900.0	95.0
892	452020.0	543.0	900.0	95.0
893	452524.0	542.0	840.0	95.0
894	453026.0	539.0	900.0	95.0
895	453530.0	541.0	900.0	95.0
896	454034.0	538.0	900.0	95.0
897	454538.0	542.0	840.0	95.0
898	455041.0	542.0	900.0	95.0
899	455544.0	542.0	900.0	95.0
900	456048.0	543.0	840.0	95.0
901	456552.0	542.0	900.0	95.0
902	457055.0	541.0	900.0	95.0
903	457559.0	541.0	840.0	95.0
904	458062.0	542.0	900.0	95.0
905	458565.0	541.0	900.0	95.0
906	459069.0	542.0	840.0	95.0
907	459573.0	550.0	900.0	95.0
908	460077.0	542.0	900.0	95.0
909	460579.0	543.0	900.0	95.0
910	461083.0	542.0	840.0	95.0
911	461587.0	543.0	900.0	95.0
912	462090.0	541.0	900.0	95.0
913	462594.0	540.0	840.0	95.0
914	463097.0	541.0	900.0	95.0
915	463601.0	541.0	900.0	95.0
916	464104.0	542.0	840.0	95.0
917	464608.0	543.0	900.0	95.0
918	465112.0	541.0	900.0	95.0
919	465615.0	540.0	900.0	95.0
920	466118.0	541.0	840.0	95.0
921	466622.0	541.0	900.0	95.0
922	467126.0	541.0	900.0	95.0
923	467630.0	542.0	840.0	95.0
924	468132.0	541.0	900.0	95.0
925	468636.0	539.0	900.0	95.0
926	469140.0	542.0	900.0	95.0
927	469643.0	543.0	840.0	95.0
928	470147.0	542.0	900.0	95.0
929	470650.0	542.0	900.0	95.0
930	471154.0	541.0	840.0	95.0
931	471657.0	542.0	900.0	95.0
932	472161.0	543.0	900.0	95.0
933	472665.0	541.0	900.0	95.0
934	473167.0	542.0	840.0	95.0
935	473671.0	543.0	900.0	95.0
936	474175.0	543.0	900.0	95.0
937	474679.0	542.0	840.0	95.0
938	475182.0	541.0	900.0	95.0
939	475685.0	541.0	900.0	95.0
940	476189.0	541.0	840.0	95.0
941	476693.0	542.0	900.0	95.0
942	477196.0	541.0	900.0	95.0
943	477700.0	541.0	840.0	95.0
944	478203.0	542.0	900.0	95.0
945	478706.0	542.0	900.0	95.0
946	479210.0	540.0	900.0	95.0
947	479714.0	540.0	840.0	95.0
948	480218.0	541.0	900.0	95.0
949	480720.0	540.0	900.0	95.0
950	481224.0	539.0	840.0	95.0
951	481728.0	542.0	900.0	95.0
952	482232.0	542.0	900.0	135.0
953	482735.0	542.0	900.0	135.0
954	483241.0	542.0	1020.0	135.0
955	483745.0	541.0	1020.0	135.0
956	484248.0	540.0	1080.0	135.0
957	484751.0	539.0	1140.0	135.0
958	485255.0	541.0	1080.0	135.0
959	485757.0	540.0	1140.0	135.0
960	486260.0	540.0	1200.0	135.0
961	486764.0	539.0	1140.0	135.0
962	487267.0	539.0	1140.0	135.0
963	487770.0	537.0	1200.0	135.0
964	488276.0	537.0	1140.0	135.0
965	488779.0	537.0	1200.0	135.0
966	489282.0	537.0	1200.0	135.0
967	489786.0	536.0	1140.0	135.0
968	490289.0	536.0	1200.0	135.0
969	490791.0	537.0	1200.0	135.0
970	491294.0	536.0	1200.0	135.0
971	491798.0	535.0	1200.0	135.0
972	492301.0	534.0	1140.0	135.0
973	492804.0	534.0	1200.0	135.0
974	493310.0	533.0	1200.0	135.0
975	493813.0	533.0	1200.0	135.0
976	494316.0	535.0	1200.0	135.0
977	494820.0	533.0	1200.0	135.0
978	495323.0	533.0	1140.0	135.0
979	495825.0	535.0	1200.0	135.0
980	496328.0	534.0	1200.0	135.0
981	496832.0	532.0	1200.0	135.0
982	497335.0	532.0	1200.0	135.0
983	497838.0	533.0	1140.0	135.0
984	498344.0	533.0	1200.0	135.0
985	498847.0	532.0	1200.0	135.0
986	499350.0	532.0	1200.0	135.0
987	499854.0	531.0	1200.0	135.0
988	500357.0	532.0	1200.0	135.0
989	500859.0	531.0	1200.0	135.0
990	501362.0	529.0	1140.0	135.0
991	501866.0	533.0	1200.0	135.0
992	502369.0	533.0	1200.0	135.0
993	502872.0	530.0	1200.0	135.0
994	503374.0	530.0	1200.0	135.0
995	503878.0	530.0	1200.0	135.0
996	504381.0	530.0	1140.0	135.0
997	504884.0	532.0	1200.0	135.0
998	505388.0	532.0	1200.0	135.0
999	505893.0	531.0	1200.0	135.0
1000	506396.0	529.0	1200.0	135.0
1001	506900.0	530.0	1200.0	135.0
1002	507403.0	528.0	1140.0	135.0
1003	507906.0	529.0	1200.0	135.0
1004	508408.0	530.0	1200.0	135.0
1005	508912.0	530.0	1200.0	135.0
1006	509415.0	530.0	1200.0	135.0
1007	509918.0	516.0	1140.0	135.0
1008	510425.0	529.0	1200.0	135.0
1009	510930.0	529.0	1200.0	135.0
1010	511433.0	529.0	1200.0	135.0
1011	511937.0	529.0	1200.0	135.0
1012	512440.0	528.0	1200.0	135.0
1013	512943.0	528.0	1200.0	135.0
1014	513445.0	529.0	1140.0	135.0
1015	513949.0	529.0	1200.0	135.0
1016	514452.0	530.0	1200.0	135.0
1017	514955.0	530.0	1200.0	135.0
1018	515458.0	528.0	1200.0	135.0
1019	515964.0	529.0	1200.0	135.0
1020	516467.0	530.0	1140.0	135.0
1021	516970.0	529.0	1200.0	135.0
1022	517474.0	528.0	1200.0	135.0
1023	517977.0	529.0	1200.0	135.0
1024	518479.0	528.0	1200.0	135.0
1025	518982.0	528.0	1200.0	135.0
1026	519486.0	530.0	1140.0	135.0
1027	519989.0	528.0	1200.0	135.0
1028	520492.0	529.0	1200.0	135.0
1029	520998.0	528.0	1200.0	135.0
1030	521501.0	526.0	1200.0	135.0
1031	522004.0	528.0	1200.0	135.0
1032	522508.0	529.0	1140.0	135.0
1033	523011.0	529.0	1200.0	135.0
1034	523513.0	529.0	1200.0	135.0
1035	524016.0	529.0	1200.0	135.0
1036	524520.0	528.0	1200.0	135.0
1037	525023.0	530.0	1200.0	135.0
1038	525526.0	510.0	1140.0	135.0
1039	526028.0	529.0	1200.0	135.0
1040	526532.0	528.0	1200.0	135.0
1041	527035.0	529.0	1200.0	135.0
1042	527538.0	529.0	1200.0	135.0
1043	528040.0	534.0	1200.0	135.0
1044	528547.0	528.0	1200.0	135.0
1045	529050.0	526.0	1200.0	135.0
1046	529553.0	527.0	1140.0	135.0
1047	530057.0	527.0	1200.0	135.0
1048	530563.0	528.0	1200.0	135.0
1049	531065.0	528.0	1200.0	135.0
1050	531569.0	528.0	1200.0	135.0
1051	532072.0	527.0	1200.0	135.0
1052	532575.0	527.0	1200.0	135.0
1053	533078.0	530.0	1200.0	135.0
1054	533584.0	525.0	1200.0	135.0
1055	534087.0	528.0	1140.0	135.0
1056	534590.0	529.0	1200.0	135.0
1057	535094.0	528.0	1200.0	135.0
1058	535597.0	527.0	1200.0	135.0
1059	536099.0	526.0	1200.0	135.0
1060	536602.0	526.0	1200.0	135.0
1061	537106.0	527.0	1140.0	135.0
1062	537609.0	528.0	1200.0	135.0
1063	538112.0	527.0	1200.0	135.0
1064	538614.0	527.0	1200.0	135.0
1065	539118.0	526.0	1200.0	135.0
1066	539621.0	529.0	1200.0	135.0
1067	540124.0	527.0	1140.0	135.0
1068	540631.0	528.0	1200.0	135.0
1069	541136.0	528.0	1200.0	135.0
1070	541639.0	527.0	1200.0	135.0
1071	542143.0	526.0	1200.0	135.0
1072	542646.0	526.0	1200.0	135.0
1073	543149.0	527.0	1200.0	135.0
1074	543651.0	527.0	1200.0	135.0
1075	544155.0	528.0	1140.0	135.0
1076	544658.0	528.0	1200.0	135.0
1077	545161.0	528.0	1200.0	135.0
1078	545664.0	527.0	1200.0	135.0
1079	546170.0	527.0	1200.0	135.0
1080	546673.0	520.0	1200.0	135.0
1081	547176.0	528.0	1200.0	135.0
1082	547680.0	524.0	1200.0	135.0
1083	548183.0	529.0	1140.0	135.0
1084	548685.0	527.0	1200.0	135.0
1085	549188.0	527.0	1200.0	135.0
1086	549692.0	527.0	1200.0	135.0
1087	550195.0	527.0	1200.0	135.0
1088	550697.0	527.0	1200.0	135.0
1089	551204.0	527.0	1200.0	135.0
1090	551707.0	528.0	1140.0	135.0
1091	552210.0	527.0	1200.0	135.0
1092	552714.0	528.0	1200.0	135.0
1093	553217.0	530.0	1200.0	135.0
1094	553719.0	528.0	1200.0	135.0
1095	554222.0	529.0	1200.0	135.0
1096	554726.0	527.0	1140.0	135.0
1097	555229.0	528.0	1200.0	135.0
1098	555731.0	528.0	1200.0	135.0
1099	556234.0	528.0	1200.0	135.0
1100	556738.0	527.0	1200.0	135.0
1101	557241.0	526.0	1140.0	135.0
1102	557744.0	529.0	1200.0	135.0
1103	558251.0	527.0	1200.0	135.0
1104	558756.0	526.0	1200.0	135.0
1105	559259.0	523.0	1200.0	135.0
1106	559763.0	527.0	1200.0	135.0
1107	560266.0	527.0	1200.0	135.0
1108	560769.0	527.0	1140.0	135.0
1109	561271.0	526.0	1200.0	135.0
1110	561775.0	528.0	1200.0	135.0
1111	562278.0	529.0	1200.0	135.0
1112	562781.0	525.0	1200.0	135.0
1113	563283.0	527.0	1200.0	135.0
1114	563790.0	525.0	1200.0	135.0
1115	564293.0	527.0	1140.0	135.0
1116	564796.0	526.0	1200.0	135.0
1117	565300.0	528.0	1200.0	135.0
1118	565806.0	526.0	1200.0	135.0
1119	566308.0	527.0	1200.0	135.0
1120	566812.0	526.0	1200.0	135.0
1121	567315.0	525.0	1200.0	135.0
1122	567818.0	525.0	1140.0	135.0
1123	568321.0	528.0	1200.0	135.0
1124	568827.0	528.0	1200.0	135.0
1125	569330.0	533.0	1200.0	135.0
1126	569833.0	526.0	1200.0	135.0
1127	570337.0	534.0	1200.0	135.0
1128	570840.0	527.0	1200.0	135.0
1129	571342.0	528.0	1200.0	135.0
1130	571846.0	528.0	1140.0	135.0
1131	572349.0	528.0	1200.0	135.0
1132	572852.0	528.0	1200.0	135.0
1133	573355.0	528.0	1200.0	135.0
1134	573861.0	528.0	1200.0	135.0
1135	574364.0	526.0	1200.0	135.0
1136	574867.0	520.0	1200.0	135.0
1137	575370.0	527.0	1200.0	135.0
1138	575874.0	527.0	1140.0	135.0
1139	576376.0	536.0	1200.0	135.0
1140	576879.0	527.0	1200.0	135.0
1141	577383.0	527.0	1200.0	135.0
1142	577886.0	528.0	1200.0	135.0
1143	578388.0	525.0	1200.0	135.0
1144	578891.0	526.0	1140.0	135.0
1145	579395.0	527.0	1200.0	135.0
1146	579898.0	527.0	1200.0	135.0
1147	580401.0	526.0	1200.0	135.0
1148	580908.0	527.0	1200.0	135.0
1149	581413.0	527.0	1200.0	135.0
1150	581916.0	527.0	1200.0	135.0
1151	582420.0	523.0	1200.0	135.0
1152	582923.0	527.0	1140.0	135.0
1153	583426.0	527.0	1200.0	135.0
1154	583928.0	525.0	1200.0	135.0
1155	584432.0	527.0	1200.0	135.0
1156	584935.0	527.0	1200.0	135.0
1157	585438.0	526.0	1200.0	135.0
1158	585940.0	527.0	1200.0	135.0
1159	586447.0	526.0	1200.0	135.0
1160	586950.0	527.0	1140.0	135.0
1161	587453.0	526.0	1200.0	135.0
1162	587957.0	530.0	1200.0	135.0
1163	588460.0	527.0	1200.0	135.0
1164	588962.0	528.0	1200.0	135.0
1165	589466.0	527.0	1200.0	135.0
1166	589969.0	524.0	1200.0	135.0
1167	590472.0	525.0	1140.0	135.0
1168	590974.0	527.0	1200.0	135.0
1169	591481.0	527.0	1200.0	135.0
1170	591984.0	527.0	1200.0	135.0
1171	592487.0	527.0	1200.0	135.0
1172	592991.0	525.0	1200.0	135.0
1173	593497.0	526.0	1200.0	135.0
1174	593999.0	526.0	1200.0	135.0
1175	594503.0	525.0	1140.0	135.0
1176	595006.0	526.0	1200.0	135.0
1177	595509.0	526.0	1200.0	135.0
1178	596012.0	527.0	1200.0	135.0
1179	596518.0	527.0	1200.0	135.0
1180	597021.0	527.0	1200.0	135.0
1181	597524.0	536.0	1200.0	135.0
1182	598028.0	526.0	1200.0	135.0
1183	598531.0	528.0	1140.0	135.0
1184	599033.0	527.0	1200.0	135.0
1185	599536.0	529.0	1200.0	135.0
1186	600040.0	528.0	1200.0	135.0
1187	600543.0	523.0	1200.0	135.0
1188	601046.0	527.0	1200.0	135.0
1189	601548.0	526.0	1200.0	135.0
1190	602052.0	528.0	1200.0	175.0
1191	602555.0	526.0	1200.0	175.0
1192	603058.0	530.0	1260.0	175.0
1193	603560.0	526.0	1320.0	175.0
1194	604063.0	528.0	1320.0	175.0
1195	604566.0	525.0	1380.0	175.0
1196	605069.0	526.0	1380.0	175.0
1197	605572.0	525.0	1440.0	175.0
1198	606077.0	524.0	1380.0	175.0
1199	606580.0	522.0	1440.0	175.0
1200	607083.0	524.0	1440.0	175.0
1201	607585.0	524.0	1440.0	175.0
1202	608088.0	525.0	1440.0	175.0
1203	608590.0	524.0	1440.0	175.0
1204	609093.0	524.0	1440.0	175.0
1205	609596.0	523.0	1440.0	175.0
1206	610098.0	524.0	1440.0	175.0
1207	610604.0	524.0	1440.0	175.0
1208	611109.0	524.0	1440.0	175.0
1209	611612.0	540.0	1440.0	175.0
1210	612115.0	524.0	1440.0	175.0
1211	612618.0	523.0	1500.0	175.0
1212	613121.0	526.0	1440.0	175.0
1213	613626.0	527.0	1440.0	175.0
1214	614128.0	523.0	1440.0	175.0
1215	614631.0	521.0	1440.0	175.0
1216	615134.0	522.0	1440.0	175.0
1217	615640.0	521.0	1440.0	175.0
1218	616145.0	523.0	1500.0	175.0
1219	616648.0	521.0	1440.0	175.0
1220	617150.0	520.0	1440.0	175.0
1221	617653.0	521.0	1440.0	175.0
1222	618156.0	523.0	1440.0	175.0
1223	618661.0	520.0	1500.0	175.0
1224	619164.0	521.0	1440.0	175.0
1225	619667.0	518.0	1440.0	175.0
1226	620169.0	520.0	1440.0	175.0
1227	620672.0	521.0	1440.0	175.0
1228	621177.0	520.0	1500.0	175.0
1229	621680.0	518.0	1440.0	175.0
1230	622183.0	521.0	1440.0	175.0
1231	622685.0	518.0	1440.0	175.0
1232	623191.0	524.0	1440.0	175.0
1233	623696.0	522.0	1500.0	175.0
1234	624199.0	517.0	1440.0	175.0
1235	624702.0	522.0	1440.0	175.0
1236	625205.0	522.0	1440.0	175.0
1237	625708.0	520.0	1440.0	175.0
1238	626212.0	518.0	1500.0	175.0
1239	626715.0	519.0	1440.0	175.0
1240	627218.0	522.0	1440.0	175.0
1241	627721.0	521.0	1440.0	175.0
1242	628227.0	519.0	1440.0	175.0
1243	628732.0	520.0	1500.0	175.0
1244	629235.0	524.0	1440.0	175.0
1245	629737.0	521.0	1440.0	175.0
1246	630240.0	521.0	1440.0	175.0
1247	630743.0	521.0	1440.0	175.0
1248	631248.0	533.0	1440.0	175.0
1249	631751.0	521.0	1440.0	175.0
1250	632254.0	521.0	1440.0	175.0
1251	632756.0	520.0	1500.0	175.0
1252	633259.0	521.0	1440.0	175.0
1253	633764.0	517.0	1440.0	175.0
1254	634267.0	522.0	1440.0	175.0
1255	634770.0	534.0	1440.0	175.0
1256	635272.0	523.0	1440.0	175.0
1257	635778.0	517.0	1500.0	175.0
1258	636283.0	519.0	1440.0	175.0
1259	636786.0	516.0	1440.0	175.0
1260	637289.0	521.0	1440.0	175.0
1261	637792.0	518.0	1440.0	175.0
1262	638295.0	521.0	1440.0	175.0
1263	638800.0	518.0	1440.0	175.0
1264	639302.0	519.0	1500.0	175.0
1265	639805.0	520.0	1440.0	175.0
1266	640308.0	521.0	1440.0	175.0
1267	640814.0	519.0	1440.0	175.0
1268	641319.0	523.0	1440.0	175.0
1269	641822.0	521.0	1440.0	175.0
1270	642324.0	519.0	1500.0	175.0
1271	642827.0	511.0	1440.0	175.0
1272	643330.0	519.0	1440.0	175.0
1273	643835.0	519.0	1440.0	175.0
1274	644338.0	520.0	1440.0	175.0
1275	644841.0	519.0	1440.0	175.0
1276	645343.0	520.0	1440.0	175.0
1277	645846.0	521.0	1500.0	175.0
1278	646351.0	522.0	1440.0	175.0
1279	646854.0	520.0	1440.0	175.0
1280	647357.0	520.0	1440.0	175.0
1281	647859.0	520.0	1440.0	175.0
1282	648365.0	518.0	1500.0	175.0
1283	648870.0	518.0	1440.0	175.0
1284	649373.0	520.0	1440.0	175.0
1285	649876.0	523.0	1440.0	175.0
1286	650379.0	520.0	1440.0	175.0
1287	650882.0	520.0	1440.0	175.0
1288	651387.0	532.0	1500.0	175.0
1289	651889.0	519.0	1440.0	175.0
1290	652392.0	518.0	1440.0	175.0
1291	652895.0	518.0	1440.0	175.0
1292	653401.0	518.0	1440.0	175.0
1293	653906.0	518.0	1500.0	175.0
1294	654409.0	519.0	1440.0	175.0
1295	654911.0	518.0	1440.0	175.0
1296	655414.0	519.0	1440.0	175.0
1297	655917.0	522.0	1440.0	175.0
1298	656422.0	518.0	1440.0	175.0
1299	656925.0	519.0	1440.0	175.0
1300	657428.0	519.0	1500.0	175.0
1301	657930.0	518.0	1440.0	175.0
1302	658433.0	519.0	1440.0	175.0
1303	658938.0	518.0	1440.0	175.0
1304	659441.0	519.0	1440.0	175.0
1305	659944.0	519.0	1440.0	175.0
1306	660447.0	520.0	1440.0	175.0
1307	660952.0	520.0	1500.0	175.0
1308	661457.0	518.0	1440.0	175.0
1309	661960.0	519.0	1440.0	175.0
1310	662463.0	519.0	1440.0	175.0
1311	662966.0	520.0	1440.0	175.0
1312	663469.0	518.0	1440.0	175.0
1313	663974.0	518.0	1440.0	175.0
1314	664476.0	520.0	1500.0	175.0
1315	664979.0	520.0	1440.0	175.0
1316	665482.0	518.0	1440.0	175.0
1317	665985.0	518.0	1440.0	175.0
1318	666490.0	518.0	1440.0	175.0
1319	666992.0	521.0	1500.0	175.0
1320	667495.0	519.0	1440.0	175.0
1321	667998.0	516.0	1440.0	175.0
1322	668504.0	519.0	1440.0	175.0
1323	669009.0	520.0	1500.0	175.0
1324	669512.0	517.0	1440.0	175.0
1325	670014.0	518.0	1440.0	175.0
1326	670517.0	519.0	1440.0	175.0
1327	671020.0	518.0	1440.0	175.0
1328	671525.0	518.0	1440.0	175.0
1329	672028.0	518.0	1500.0	175.0
1330	672531.0	519.0	1440.0	175.0
1331	673033.0	523.0	1440.0	175.0
1332	673536.0	519.0	1440.0	175.0
1333	674041.0	523.0	1440.0	175.0
1334	674547.0	518.0	1500.0	175.0
1335	675050.0	522.0	1440.0	175.0
1336	675553.0	519.0	1440.0	175.0
1337	676056.0	519.0	1440.0	175.0
1338	676560.0	523.0	1500.0	175.0
1339	677063.0	518.0	1440.0	175.0
1340	677566.0	519.0	1440.0	175.0
1341	678069.0	519.0	1440.0	175.0
1342	678572.0	532.0	1440.0	175.0
1343	679077.0	519.0	1500.0	175.0
1344	679579.0	519.0	1440.0	175.0
1345	680082.0	521.0	1440.0	175.0
1346	680585.0	520.0	1440.0	175.0
1347	681091.0	518.0	1440.0	175.0
1348	681596.0	521.0	1500.0	175.0
1349	682099.0	518.0	1440.0	175.0
1350	682601.0	518.0	1440.0	175.0
1351	683104.0	520.0	1440.0	175.0
1352	683607.0	518.0	1440.0	175.0
1353	684112.0	518.0	1440.0	175.0
1354	684615.0	518.0	1500.0	175.0
1355	685118.0	519.0	1440.0	175.0
1356	685620.0	519.0	1440.0	175.0
1357	686123.0	520.0	1440.0	175.0
1358	686625.0	519.0	1440.0	175.0
1359	687128.0	521.0	1440.0	175.0
1360	687631.0	520.0	1440.0	175.0
1361	688133.0	519.0	1500.0	175.0
1362	688638.0	516.0	1440.0	175.0
1363	689144.0	519.0	1440.0	175.0
1364	689647.0	518.0	1440.0	175.0
1365	690150.0	520.0	1440.0	175.0
1366	690653.0	520.0	1500.0	175.0
1367	691159.0	518.0	1440.0	175.0
1368	691664.0	520.0	1440.0	175.0
1369	692166.0	519.0	1440.0	175.0
1370	692669.0	524.0	1440.0	175.0
1371	693175.0	520.0	1500.0	175.0
1372	693678.0	519.0	1440.0	175.0
1373	694183.0	519.0	1440.0	175.0
1374	694686.0	520.0	1440.0	175.0
1375	695189.0	519.0	1440.0	175.0
1376	695691.0	519.0	1500.0	175.0
1377	696194.0	519.0	1440.0	175.0
1378	696699.0	517.0	1440.0	175.0
1379	697202.0	522.0	1440.0	175.0
1380	697705.0	520.0	1440.0	175.0
1381	698207.0	519.0	1500.0	175.0
1382	698710.0	519.0	1440.0	175.0
1383	699215.0	520.0	1440.0	175.0
1384	699718.0	510.0	1440.0	175.0
1385	700221.0	519.0	1440.0	175.0
1386	700724.0	520.0	1440.0	175.0
1387	701229.0	520.0	1500.0	175.0
1388	701734.0	519.0	1440.0	175.0
1389	702237.0	519.0	1440.0	175.0
1390	702740.0	519.0	1440.0	175.0
1391	703243.0	519.0	1440.0	175.0
1392	703746.0	519.0	1500.0	175.0
1393	704250.0	516.0	1440.0	175.0
1394	704753.0	520.0	1440.0	175.0
1395	705256.0	518.0	1440.0	175.0
1396	705759.0	519.0	1440.0	175.0
1397	706265.0	519.0	1500.0	175.0
1398	706770.0	524.0	1440.0	175.0
1399	707273.0	523.0	1440.0	175.0
1400	707775.0	518.0	1440.0	175.0
1401	708278.0	519.0	1440.0	175.0
1402	708781.0	518.0	1440.0	175.0
1403	709286.0	520.0	1500.0	175.0
1404	709789.0	518.0	1440.0	175.0
1405	710292.0	521.0	1440.0	175.0
1406	710794.0	521.0	1440.0	175.0
1407	711297.0	537.0	1440.0	175.0
1408	711802.0	520.0	1500.0	175.0
1409	712305.0	518.0	1440.0	175.0
1410	712808.0	518.0	1440.0	175.0
1411	713310.0	518.0	1440.0	175.0
1412	713816.0	519.0	1440.0	175.0
1413	714321.0	519.0	1500.0	175.0
1414	714824.0	519.0	1440.0	175.0
1415	715327.0	519.0	1440.0	175.0
1416	715830.0	519.0	1440.0	175.0
1417	716332.0	520.0	1440.0	175.0
1418	716837.0	523.0	1440.0	175.0
1419	717340.0	518.0	1440.0	175.0
1420	717843.0	519.0	1440.0	175.0
1421	718346.0	519.0	1500.0	175.0
1422	718849.0	519.0	1440.0	175.0
1423	719354.0	520.0	1440.0	175.0
1424	719856.0	519.0	1440.0	175.0
1425	720359.0	520.0	1440.0	175.0
1426	720862.0	523.0	1440.0	175.0
1427	721368.0	519.0	1500.0	175.0
1428	721873.0	520.0	1440.0	175.0
1429	722376.0	521.0	1440.0	215.0
1430	722878.0	520.0	1500.0	215.0
1431	723381.0	541.0	1560.0	215.0
1432	723884.0	519.0	1560.0	215.0
1433	724388.0	519.0	1620.0	215.0
1434	724894.0	511.0	1620.0	215.0
1435	725396.0	519.0	1620.0	215.0
1436	725902.0	527.0	1680.0	215.0
1437	726404.0	521.0	1620.0	215.0
1438	726909.0	517.0	1680.0	215.0
1439	727411.0	519.0	1620.0	215.0
1440	727917.0	518.0	1680.0	215.0
1441	728419.0	515.0	1680.0	215.0
1442	728925.0	519.0	1680.0	215.0
1443	729430.0	516.0	1680.0	215.0
1444	729935.0	518.0	1620.0	215.0
1445	730437.0	517.0	1680.0	215.0
1446	730943.0	516.0	1680.0	215.0
1447	731445.0	503.0	1680.0	215.0
1448	731951.0	516.0	1680.0	215.0
1449	732456.0	516.0	1620.0	215.0
1450	732958.0	517.0	1680.0	215.0
1451	733460.0	516.0	1680.0	215.0
1452	733966.0	516.0	1680.0	215.0
1453	734468.0	515.0	1680.0	215.0
1454	734973.0	517.0	1620.0	215.0
1455	735475.0	515.0	1680.0	215.0
1456	735981.0	516.0	1680.0	215.0
1457	736483.0	513.0	1680.0	215.0
1458	736986.0	516.0	1680.0	215.0
1459	737490.0	515.0	1680.0	215.0
1460	737993.0	535.0	1620.0	215.0
1461	738498.0	515.0	1680.0	215.0
1462	739001.0	515.0	1680.0	215.0
1463	739506.0	515.0	1680.0	215.0
1464	740012.0	514.0	1680.0	215.0
1465	740516.0	516.0	1680.0	215.0
1466	741019.0	516.0	1680.0	215.0
1467	741521.0	517.0	1620.0	215.0
1468	742023.0	520.0	1680.0	215.0
1469	742529.0	514.0	1680.0	215.0
1470	743034.0	515.0	1680.0	215.0
1471	743536.0	517.0	1620.0	215.0
1472	744038.0	515.0	1680.0	215.0
1473	744544.0	515.0	1680.0	215.0
1474	745046.0	516.0	1680.0	215.0
1475	745551.0	512.0	1620.0	215.0
1476	746053.0	515.0	1680.0	215.0
1477	746559.0	514.0	1680.0	215.0
1478	747061.0	515.0	1680.0	215.0
1479	747567.0	541.0	1680.0	215.0
1480	748071.0	516.0	1620.0	215.0
1481	748577.0	519.0	1680.0	215.0
1482	749079.0	515.0	1680.0	215.0
1483	749585.0	514.0	1680.0	215.0
1484	750087.0	515.0	1680.0	215.0
1485	750593.0	514.0	1680.0	215.0
1486	751098.0	500.0	1620.0	215.0
1487	751603.0	512.0	1680.0	215.0
1488	752105.0	514.0	1680.0	215.0
1489	752611.0	515.0	1680.0	215.0
1490	753113.0	515.0	1680.0	215.0
1491	753618.0	514.0	1680.0	215.0
1492	754120.0	514.0	1680.0	215.0
1493	754626.0	515.0	1680.0	215.0
1494	755128.0	515.0	1620.0	215.0
1495	755634.0	515.0	1680.0	215.0
1496	756139.0	514.0	1680.0	215.0
1497	756644.0	514.0	1680.0	215.0
1498	757146.0	516.0	1680.0	215.0
1499	757652.0	514.0	1680.0	215.0
1500	758154.0	514.0	1680.0	215.0
1501	758660.0	514.0	1680.0	215.0
1502	759164.0	514.0	1680.0	215.0
1503	759670.0	519.0	1620.0	215.0
1504	760172.0	514.0	1680.0	215.0
1505	760678.0	514.0	1680.0	215.0
1506	761180.0	514.0	1680.0	215.0
1507	761686.0	510.0	1680.0	215.0
1508	762190.0	515.0	1680.0	215.0
1509	762696.0	515.0	1680.0	215.0
1510	763198.0	514.0	1620.0	215.0
1511	763704.0	514.0	1680.0	215.0
1512	764206.0	513.0	1680.0	215.0
1513	764711.0	515.0	1680.0	215.0
1514	765213.0	515.0	1680.0	215.0
1515	765719.0	513.0	1680.0	215.0
1516	766221.0	511.0	1620.0	215.0
1517	766727.0	515.0	1680.0	215.0
1518	767232.0	515.0	1680.0	215.0
1519	767737.0	513.0	1680.0	215.0
1520	768239.0	515.0	1680.0	215.0
1521	768745.0	515.0	1680.0	215.0
1522	769247.0	515.0	1620.0	215.0
1523	769753.0	514.0	1680.0	215.0
1524	770258.0	515.0	1680.0	215.0
1525	770763.0	514.0	1680.0	215.0
1526	771265.0	513.0	1680.0	215.0
1527	771771.0	515.0	1680.0	215.0
1528	772273.0	512.0	1680.0	215.0
1529	772779.0	516.0	1620.0	215.0
1530	773284.0	514.0	1680.0	215.0
1531	773789.0	515.0	1680.0	215.0
1532	774291.0	514.0	1680.0	215.0
1533	774797.0	514.0	1680.0	215.0
1534	775300.0	515.0	1620.0	215.0
1535	775804.0	513.0	1680.0	215.0
1536	776306.0	514.0	1680.0	215.0
1537	776812.0	515.0	1680.0	215.0
1538	777314.0	515.0	1680.0	215.0
1539	777820.0	514.0	1680.0	215.0
1540	778324.0	513.0	1680.0	215.0
1541	778830.0	514.0	1680.0	215.0
1542	779332.0	515.0	1620.0	215.0
1543	779838.0	534.0	1680.0	215.0
1544	780340.0	513.0	1680.0	215.0
1545	780846.0	514.0	1680.0	215.0
1546	781350.0	514.0	1680.0	215.0
1547	781856.0	514.0	1680.0	215.0
1548	782358.0	514.0	1680.0	215.0
1549	782864.0	514.0	1680.0	215.0
1550	783366.0	514.0	1680.0	215.0
1551	783872.0	514.0	1620.0	215.0
1552	784377.0	514.0	1680.0	215.0
1553	784882.0	513.0	1680.0	215.0
1554	785384.0	514.0	1680.0	215.0
1555	785890.0	517.0	1680.0	215.0
1556	786392.0	513.0	1680.0	215.0
1557	786897.0	514.0	1680.0	215.0
1558	787399.0	514.0	1680.0	215.0
1559	787905.0	521.0	1680.0	215.0
1560	788407.0	514.0	1620.0	215.0
1561	788913.0	514.0	1680.0	215.0
1562	789417.0	514.0	1680.0	215.0
1563	789923.0	514.0	1680.0	215.0
1564	790425.0	512.0	1680.0	215.0
1565	790931.0	514.0	1680.0	215.0
1566	791433.0	514.0	1680.0	215.0
1567	791939.0	517.0	1620.0	215.0
1568	792444.0	515.0	1680.0	215.0
1569	792949.0	514.0	1680.0	215.0
1570	793451.0	514.0	1680.0	215.0
