	time	resistance	FanCount	dTemp
0	49.0	564.0	0.0	3.2241004460099134
1	447.0	565.0	1.0	3.3063169177315217
2	679.0	562.0	11.0	3.0599007474219775
3	1276.0	564.0	11.0	3.2241004460099134
4	1508.0	563.0	12.0	3.141961972944216
5	1739.0	562.0	11.0	3.0599007474219775
6	2026.0	562.0	11.0	3.0599007474219775
7	2605.0	559.0	12.0	2.8141730916225924
8	2835.0	561.0	10.0	2.977916021456167
9	3066.0	559.0	11.0	2.8141730916225924
10	3297.0	558.0	12.0	2.7324134070337323
11	3529.0	557.0	12.0	2.6507272604777086
12	3760.0	557.0	12.0	2.6507272604777086
13	3991.0	554.0	13.0	2.406102733576631
14	4224.0	555.0	12.0	2.4875726524277297
15	4454.0	552.0	11.0	2.243374043896324
16	4685.0	553.0	12.0	2.324703437964615
17	4917.0	551.0	12.0	2.162113832399598
18	5147.0	552.0	12.0	2.243374043896324
19	5378.0	551.0	12.0	2.162113832399598
20	5608.0	549.0	12.0	1.9997980946171765
21	5839.0	548.0	12.0	1.9187411436577122
22	6071.0	549.0	12.0	1.9997980946171765
23	6301.0	548.0	12.0	1.9187411436577122
24	6532.0	548.0	12.0	1.9187411436577122
25	6762.0	547.0	12.0	1.8377505258469
26	6993.0	546.0	13.0	1.7568255352564393
27	7224.0	545.0	13.0	1.6759654684544785
28	7455.0	545.0	13.0	1.6759654684544785
29	7686.0	544.0	13.0	1.595169624468781
30	7917.0	543.0	13.0	1.5144373047498334
31	8150.0	542.0	12.0	1.4337678131349776
32	8381.0	544.0	12.0	1.595169624468781
33	8612.0	539.0	13.0	1.1921293803305275
34	8843.0	539.0	13.0	1.1921293803305275
35	9074.0	538.0	12.0	1.111704285979215
36	9305.0	537.0	12.0	1.031338573463188
37	9535.0	532.0	12.0	0.6303769218321236
38	9766.0	538.0	12.0	1.111704285979215
39	9998.0	537.0	13.0	1.031338573463188
40	10230.0	537.0	12.0	1.031338573463188
41	10462.0	532.0	13.0	0.6303769218321236
42	10693.0	532.0	12.0	0.6303769218321236
43	10925.0	530.0	12.0	0.4703842046961313
44	11155.0	533.0	12.0	0.7104559217884798
45	11387.0	535.0	13.0	0.8707825657076569
46	11618.0	534.0	12.0	0.7905909116663565
47	11850.0	528.0	13.0	0.31060740577061097
48	12081.0	528.0	13.0	0.31060740577061097
49	12312.0	529.0	12.0	0.3904691489111656
50	12544.0	530.0	12.0	0.4703842046961313
51	12774.0	530.0	13.0	0.4703842046961313
52	13006.0	532.0	12.0	0.6303769218321236
53	13237.0	525.0	13.0	0.07133541573023194
54	13468.0	525.0	13.0	0.07133541573023194
55	13699.0	524.0	12.0	-0.008319704266853023
56	13929.0	524.0	12.0	-0.008319704266853023
57	14161.0	529.0	12.0	0.3904691489111656
58	14393.0	527.0	12.0	0.23079831071106582
59	14626.0	522.0	13.0	-0.16748057637391867
60	14857.0	521.0	12.0	-0.24698763822283354
61	15088.0	525.0	12.0	0.07133541573023194
62	15320.0	524.0	13.0	-0.008319704266853023
63	15551.0	525.0	12.0	0.07133541573023194
64	15782.0	522.0	13.0	-0.16748057637391867
65	16014.0	520.0	12.0	-0.3264466543353137
66	16245.0	525.0	12.0	0.07133541573023194
67	16477.0	525.0	13.0	0.07133541573023194
68	16707.0	524.0	12.0	-0.008319704266853023
69	16939.0	518.0	13.0	-0.4852231508842806
70	17170.0	517.0	13.0	-0.5645419281696036
71	17402.0	524.0	12.0	-0.008319704266853023
72	17634.0	523.0	13.0	-0.08792481639932248
73	17866.0	519.0	13.0	-0.4058582754896065
74	18098.0	516.0	13.0	-0.6438152534788628
75	18329.0	522.0	12.0	-0.16748057637391867
76	18561.0	522.0	12.0	-0.16748057637391867
77	18791.0	519.0	13.0	-0.4058582754896065
78	19022.0	519.0	12.0	-0.4058582754896065
79	19254.0	515.0	13.0	-0.7230437714594018
80	19485.0	514.0	12.0	-0.8022281253035999
81	19717.0	518.0	12.0	-0.4852231508842806
82	19948.0	518.0	13.0	-0.4852231508842806
83	20180.0	516.0	12.0	-0.6438152534788628
84	20415.0	516.0	13.0	-0.6438152534788628
85	20647.0	519.0	12.0	-0.4058582754896065
86	20879.0	519.0	13.0	-0.4058582754896065
87	21111.0	515.0	12.0	-0.7230437714594018
88	21342.0	512.0	13.0	-0.9604669062625248
89	21573.0	515.0	12.0	-0.7230437714594018
90	21805.0	512.0	12.0	-0.9604669062625248
91	22035.0	515.0	12.0	-0.7230437714594018
92	22267.0	517.0	13.0	-0.5645419281696036
93	22498.0	511.0	13.0	-1.0395226127637898
94	22730.0	511.0	13.0	-1.0395226127637898
95	22962.0	517.0	12.0	-0.5645419281696036
96	23192.0	514.0	12.0	-0.8022281253035999
97	23424.0	515.0	12.0	-0.7230437714594018
98	23654.0	513.0	13.0	-0.8813689567797383
99	23886.0	512.0	13.0	-0.9604669062625248
100	24118.0	513.0	12.0	-0.8813689567797383
101	24349.0	516.0	13.0	-0.6438152534788628
102	24581.0	509.0	13.0	-1.1975098462372102
103	24812.0	509.0	12.0	-1.1975098462372102
104	25044.0	512.0	12.0	-0.9604669062625248
105	25276.0	511.0	12.0	-1.0395226127637898
106	25508.0	511.0	13.0	-1.0395226127637898
107	25740.0	509.0	12.0	-1.1975098462372102
108	26006.0	514.0	12.0	-0.8022281253035999
109	26238.0	510.0	13.0	-1.1185367139629534
110	26470.0	507.0	12.0	-1.355335743189869
111	26701.0	511.0	12.0	-1.0395226127637898
112	26933.0	514.0	12.0	-0.8022281253035999
113	27164.0	509.0	13.0	-1.1975098462372102
114	27396.0	507.0	12.0	-1.355335743189869
115	27627.0	510.0	12.0	-1.1185367139629534
116	27858.0	508.0	12.0	-1.2764426446917128
117	28090.0	506.0	13.0	-1.4341897743830714
118	28321.0	512.0	12.0	-0.9604669062625248
119	28553.0	510.0	12.0	-1.1185367139629534
120	28784.0	508.0	13.0	-1.2764426446917128
121	29016.0	508.0	13.0	-1.2764426446917128
122	29247.0	509.0	12.0	-1.1975098462372102
123	29479.0	510.0	13.0	-1.1185367139629534
124	29711.0	508.0	13.0	-1.2764426446917128
125	29943.0	509.0	12.0	-1.1975098462372102
126	30175.0	508.0	12.0	-1.2764426446917128
127	30406.0	507.0	13.0	-1.355335743189869
128	30638.0	507.0	13.0	-1.355335743189869
129	30869.0	508.0	12.0	-1.2764426446917128
130	31101.0	508.0	13.0	-1.2764426446917128
131	31332.0	507.0	13.0	-1.355335743189869
132	31564.0	507.0	12.0	-1.355335743189869
133	31795.0	508.0	12.0	-1.2764426446917128
134	32026.0	504.0	13.0	-1.5917831595801886
135	32258.0	504.0	13.0	-1.5917831595801886
136	32489.0	510.0	12.0	-1.1185367139629534
137	32721.0	506.0	13.0	-1.4341897743830714
138	32952.0	508.0	13.0	-1.2764426446917128
139	33184.0	510.0	13.0	-1.1185367139629534
140	33416.0	503.0	12.0	-1.6705237730957379
141	33646.0	503.0	12.0	-1.6705237730957379
142	33878.0	505.0	12.0	-1.5130053697408243
143	34109.0	506.0	12.0	-1.4341897743830714
144	34341.0	506.0	12.0	-1.4341897743830714
145	34573.0	502.0	11.0	-1.7492278383890039
146	34804.0	503.0	12.0	-1.6705237730957379
147	35036.0	510.0	11.0	-1.1185367139629534
148	35267.0	508.0	12.0	-1.2764426446917128
149	35499.0	507.0	12.0	-1.355335743189869
150	35730.0	506.0	12.0	-1.4341897743830714
151	35961.0	507.0	11.0	-1.355335743189869
152	36192.0	509.0	11.0	-1.1975098462372102
153	36422.0	506.0	11.0	-1.4341897743830714
154	36654.0	509.0	12.0	-1.1975098462372102
155	36885.0	504.0	11.0	-1.5917831595801886
156	37117.0	508.0	10.0	-1.2764426446917128
157	37349.0	506.0	11.0	-1.4341897743830714
158	37580.0	507.0	9.0	-1.355335743189869
159	37811.0	504.0	11.0	-1.5917831595801886
160	38042.0	506.0	10.0	-1.4341897743830714
161	38274.0	507.0	10.0	-1.355335743189869
162	38504.0	508.0	9.0	-1.2764426446917128
163	38735.0	502.0	10.0	-1.7492278383890039
164	38977.0	507.0	9.0	-1.355335743189869
165	39209.0	508.0	9.0	-1.2764426446917128
166	39440.0	507.0	9.0	-1.355335743189869
167	39672.0	506.0	9.0	-1.4341897743830714
168	39903.0	508.0	8.0	-1.2764426446917128
169	40133.0	507.0	8.0	-1.355335743189869
170	40364.0	504.0	8.0	-1.5917831595801886
171	40594.0	509.0	7.0	-1.1975098462372102
172	40826.0	508.0	8.0	-1.2764426446917128
173	41058.0	505.0	7.0	-1.5130053697408243
174	41290.0	506.0	7.0	-1.4341897743830714
175	41521.0	510.0	6.0	-1.1185367139629534
176	41751.0	513.0	6.0	-0.8813689567797383
177	41982.0	505.0	7.0	-1.5130053697408243
178	42213.0	511.0	6.0	-1.0395226127637898
179	42444.0	507.0	6.0	-1.355335743189869
180	42676.0	511.0	5.0	-1.0395226127637898
181	42907.0	511.0	6.0	-1.0395226127637898
182	43138.0	510.0	6.0	-1.1185367139629534
183	43369.0	511.0	5.0	-1.0395226127637898
184	43601.0	508.0	5.0	-1.2764426446917128
185	43832.0	511.0	4.0	-1.0395226127637898
186	44063.0	511.0	4.0	-1.0395226127637898
187	44295.0	513.0	4.0	-0.8813689567797383
188	44525.0	513.0	4.0	-0.8813689567797383
189	44756.0	514.0	4.0	-0.8022281253035999
190	44988.0	517.0	4.0	-0.5645419281696036
191	45219.0	510.0	4.0	-1.1185367139629534
192	45451.0	515.0	3.0	-0.7230437714594018
193	45682.0	515.0	3.0	-0.7230437714594018
194	45914.0	515.0	3.0	-0.7230437714594018
195	46145.0	516.0	3.0	-0.6438152534788628
196	46377.0	516.0	1.0	-0.6438152534788628
197	46608.0	516.0	0.0	-0.6438152534788628
198	46839.0	517.0	0.0	-0.5645419281696036
199	47071.0	517.0	0.0	-0.5645419281696036
200	47301.0	518.0	0.0	-0.4852231508842806
201	47532.0	518.0	0.0	-0.4852231508842806
202	47762.0	519.0	0.0	-0.4058582754896065
203	47993.0	519.0	0.0	-0.4058582754896065
204	48225.0	519.0	0.0	-0.4058582754896065
205	48455.0	520.0	0.0	-0.3264466543353137
206	48686.0	523.0	0.0	-0.08792481639932248
207	48917.0	521.0	0.0	-0.24698763822283354
208	49148.0	522.0	0.0	-0.16748057637391867
209	49380.0	522.0	0.0	-0.16748057637391867
210	49611.0	523.0	0.0	-0.08792481639932248
211	49843.0	523.0	0.0	-0.08792481639932248
212	50073.0	524.0	0.0	-0.008319704266853023
213	50304.0	524.0	0.0	-0.008319704266853023
214	50534.0	525.0	0.0	0.07133541573023194
215	50765.0	525.0	0.0	0.07133541573023194
216	50997.0	526.0	0.0	0.1510412010053983
217	51227.0	528.0	0.0	0.31060740577061097
218	51458.0	529.0	0.0	0.3904691489111656
219	51689.0	529.0	0.0	0.3904691489111656
220	51920.0	530.0	0.0	0.4703842046961313
221	52152.0	528.0	0.0	0.31060740577061097
222	52383.0	528.0	0.0	0.31060740577061097
223	52615.0	529.0	0.0	0.3904691489111656
224	52845.0	532.0	0.0	0.6303769218321236
225	53076.0	530.0	0.0	0.4703842046961313
226	53308.0	531.0	0.0	0.5503532395581487
227	53539.0	531.0	0.0	0.5503532395581487
228	53771.0	532.0	0.0	0.6303769218321236
229	54001.0	532.0	0.0	0.6303769218321236
230	54232.0	533.0	0.0	0.7104559217884798
231	54462.0	539.0	0.0	1.1921293803305275
232	54693.0	537.0	0.0	1.031338573463188
233	54925.0	537.0	2.0	1.031338573463188
234	55156.0	534.0	3.0	0.7905909116663565
235	55387.0	534.0	2.0	0.7905909116663565
236	55617.0	535.0	3.0	0.8707825657076569
237	55848.0	536.0	3.0	0.9510315601904153
238	56079.0	535.0	3.0	0.8707825657076569
239	56311.0	535.0	3.0	0.8707825657076569
240	56542.0	536.0	2.0	0.9510315601904153
241	56772.0	536.0	3.0	0.9510315601904153
242	57004.0	535.0	3.0	0.8707825657076569
243	57235.0	536.0	3.0	0.9510315601904153
244	57483.0	537.0	3.0	1.031338573463188
245	57714.0	536.0	3.0	0.9510315601904153
246	57946.0	538.0	3.0	1.111704285979215
247	58177.0	538.0	3.0	1.111704285979215
248	58409.0	539.0	3.0	1.1921293803305275
249	58640.0	537.0	4.0	1.031338573463188
250	58871.0	539.0	3.0	1.1921293803305275
251	59102.0	539.0	4.0	1.1921293803305275
252	59332.0	538.0	3.0	1.111704285979215
253	59563.0	537.0	4.0	1.031338573463188
254	59801.0	539.0	3.0	1.1921293803305275
255	60032.0	539.0	5.0	1.1921293803305275
256	60263.0	538.0	4.0	1.111704285979215
257	60494.0	538.0	5.0	1.111704285979215
258	60725.0	538.0	5.0	1.111704285979215
259	60956.0	540.0	4.0	1.2726145412832466
260	61187.0	541.0	5.0	1.353160455811917
261	61418.0	539.0	6.0	1.1921293803305275
262	61649.0	540.0	6.0	1.2726145412832466
263	61881.0	538.0	6.0	1.111704285979215
264	62112.0	540.0	5.0	1.2726145412832466
265	62343.0	540.0	6.0	1.2726145412832466
266	62573.0	540.0	6.0	1.2726145412832466
267	62804.0	540.0	7.0	1.2726145412832466
268	63035.0	538.0	6.0	1.111704285979215
269	63267.0	538.0	7.0	1.111704285979215
270	63498.0	538.0	7.0	1.111704285979215
271	63729.0	541.0	7.0	1.353160455811917
272	63961.0	539.0	8.0	1.1921293803305275
273	64191.0	540.0	7.0	1.2726145412832466
274	64423.0	539.0	8.0	1.1921293803305275
275	64655.0	533.0	9.0	0.7104559217884798
276	64887.0	534.0	8.0	0.7905909116663565
277	65118.0	535.0	9.0	0.8707825657076569
278	65348.0	534.0	8.0	0.7905909116663565
279	65579.0	535.0	9.0	0.8707825657076569
280	65810.0	535.0	9.0	0.8707825657076569
281	66042.0	531.0	10.0	0.5503532395581487
282	66274.0	534.0	9.0	0.7905909116663565
283	66506.0	532.0	10.0	0.6303769218321236
284	66738.0	531.0	9.0	0.5503532395581487
285	66969.0	532.0	10.0	0.6303769218321236
286	67201.0	536.0	10.0	0.9510315601904153
287	67431.0	529.0	11.0	0.3904691489111656
288	67663.0	531.0	10.0	0.5503532395581487
289	67894.0	533.0	10.0	0.7104559217884798
290	68125.0	530.0	11.0	0.4703842046961313
291	68357.0	531.0	10.0	0.5503532395581487
292	68587.0	530.0	11.0	0.4703842046961313
293	68818.0	527.0	10.0	0.23079831071106582
294	69050.0	531.0	11.0	0.5503532395581487
295	69282.0	526.0	11.0	0.1510412010053983
296	69514.0	531.0	11.0	0.5503532395581487
297	69745.0	529.0	10.0	0.3904691489111656
298	69977.0	528.0	11.0	0.31060740577061097
299	70208.0	527.0	12.0	0.23079831071106582
300	70440.0	528.0	11.0	0.31060740577061097
301	70672.0	526.0	12.0	0.1510412010053983
302	70904.0	527.0	11.0	0.23079831071106582
303	71136.0	525.0	12.0	0.07133541573023194
304	71366.0	526.0	11.0	0.1510412010053983
305	71598.0	526.0	11.0	0.1510412010053983
306	71828.0	525.0	12.0	0.07133541573023194
307	72060.0	524.0	12.0	-0.008319704266853023
308	72292.0	525.0	11.0	0.07133541573023194
309	72524.0	524.0	12.0	-0.008319704266853023
310	72756.0	524.0	12.0	-0.008319704266853023
311	72987.0	522.0	11.0	-0.16748057637391867
312	73219.0	523.0	11.0	-0.08792481639932248
313	73450.0	522.0	12.0	-0.16748057637391867
314	73682.0	522.0	12.0	-0.16748057637391867
315	73914.0	524.0	11.0	-0.008319704266853023
316	74145.0	526.0	11.0	0.1510412010053983
317	74376.0	522.0	11.0	-0.16748057637391867
318	74606.0	520.0	12.0	-0.3264466543353137
319	74838.0	521.0	12.0	-0.24698763822283354
320	75068.0	520.0	11.0	-0.3264466543353137
321	75300.0	520.0	11.0	-0.3264466543353137
322	75532.0	519.0	11.0	-0.4058582754896065
323	75764.0	519.0	12.0	-0.4058582754896065
324	75996.0	524.0	11.0	-0.008319704266853023
325	76226.0	520.0	11.0	-0.3264466543353137
326	76459.0	520.0	12.0	-0.3264466543353137
327	76690.0	517.0	12.0	-0.5645419281696036
328	76922.0	515.0	11.0	-0.7230437714594018
329	77153.0	519.0	11.0	-0.4058582754896065
330	77383.0	516.0	11.0	-0.6438152534788628
331	77615.0	517.0	12.0	-0.5645419281696036
332	77846.0	517.0	11.0	-0.5645419281696036
333	78078.0	521.0	12.0	-0.24698763822283354
334	78310.0	518.0	10.0	-0.4852231508842806
335	78542.0	512.0	11.0	-0.9604669062625248
336	78773.0	517.0	10.0	-0.5645419281696036
337	79004.0	518.0	12.0	-0.4852231508842806
338	79235.0	515.0	11.0	-0.7230437714594018
339	79465.0	516.0	11.0	-0.6438152534788628
340	79697.0	517.0	10.0	-0.5645419281696036
341	79929.0	516.0	11.0	-0.6438152534788628
342	80160.0	519.0	11.0	-0.4058582754896065
343	80392.0	516.0	11.0	-0.6438152534788628
344	80623.0	515.0	11.0	-0.7230437714594018
345	80855.0	515.0	10.0	-0.7230437714594018
346	81123.0	518.0	10.0	-0.4852231508842806
347	81355.0	514.0	11.0	-0.8022281253035999
348	81587.0	516.0	10.0	-0.6438152534788628
349	81817.0	515.0	11.0	-0.7230437714594018
350	82049.0	512.0	10.0	-0.9604669062625248
351	82280.0	518.0	9.0	-0.4852231508842806
352	82512.0	516.0	10.0	-0.6438152534788628
353	82744.0	514.0	10.0	-0.8022281253035999
354	82976.0	514.0	10.0	-0.8022281253035999
355	83208.0	517.0	10.0	-0.5645419281696036
356	83438.0	511.0	10.0	-1.0395226127637898
357	83670.0	514.0	9.0	-0.8022281253035999
358	83901.0	514.0	10.0	-0.8022281253035999
359	84132.0	515.0	9.0	-0.7230437714594018
360	84363.0	512.0	10.0	-0.9604669062625248
361	84594.0	510.0	9.0	-1.1185367139629534
362	84826.0	512.0	9.0	-0.9604669062625248
363	85057.0	513.0	9.0	-0.8813689567797383
364	85289.0	515.0	8.0	-0.7230437714594018
365	85521.0	515.0	9.0	-0.7230437714594018
366	85753.0	513.0	9.0	-0.8813689567797383
367	85985.0	513.0	8.0	-0.8813689567797383
368	86215.0	514.0	8.0	-0.8022281253035999
369	86447.0	514.0	8.0	-0.8022281253035999
370	86680.0	515.0	8.0	-0.7230437714594018
371	86912.0	514.0	8.0	-0.8022281253035999
372	87143.0	512.0	8.0	-0.9604669062625248
373	87374.0	514.0	7.0	-0.8022281253035999
374	87605.0	515.0	7.0	-0.7230437714594018
375	87836.0	515.0	8.0	-0.7230437714594018
376	88067.0	508.0	7.0	-1.2764426446917128
377	88298.0	516.0	6.0	-0.6438152534788628
378	88529.0	515.0	7.0	-0.7230437714594018
379	88760.0	514.0	7.0	-0.8022281253035999
380	88991.0	515.0	6.0	-0.7230437714594018
381	89223.0	516.0	7.0	-0.6438152534788628
382	89454.0	516.0	6.0	-0.6438152534788628
383	89686.0	518.0	6.0	-0.4852231508842806
384	89917.0	516.0	6.0	-0.6438152534788628
385	90148.0	515.0	7.0	-0.7230437714594018
386	90379.0	516.0	5.0	-0.6438152534788628
387	90610.0	515.0	6.0	-0.7230437714594018
388	90841.0	516.0	6.0	-0.6438152534788628
389	91071.0	516.0	5.0	-0.6438152534788628
390	91303.0	516.0	5.0	-0.6438152534788628
391	91534.0	517.0	4.0	-0.5645419281696036
392	91765.0	517.0	5.0	-0.5645419281696036
393	91996.0	516.0	6.0	-0.6438152534788628
394	92226.0	517.0	5.0	-0.5645419281696036
395	92459.0	517.0	4.0	-0.5645419281696036
396	92690.0	519.0	4.0	-0.4058582754896065
397	92921.0	517.0	5.0	-0.5645419281696036
398	93152.0	517.0	4.0	-0.5645419281696036
399	93382.0	519.0	4.0	-0.4058582754896065
400	93614.0	518.0	5.0	-0.4852231508842806
401	93845.0	518.0	4.0	-0.4852231508842806
402	94076.0	520.0	3.0	-0.3264466543353137
403	94307.0	520.0	4.0	-0.3264466543353137
404	94538.0	520.0	4.0	-0.3264466543353137
405	94770.0	519.0	4.0	-0.4058582754896065
406	95000.0	520.0	4.0	-0.3264466543353137
407	95232.0	521.0	3.0	-0.24698763822283354
408	95462.0	520.0	4.0	-0.3264466543353137
409	95693.0	522.0	3.0	-0.16748057637391867
410	95924.0	522.0	3.0	-0.16748057637391867
411	96175.0	521.0	4.0	-0.24698763822283354
412	96405.0	519.0	3.0	-0.4058582754896065
413	96637.0	522.0	3.0	-0.16748057637391867
414	96868.0	522.0	3.0	-0.16748057637391867
415	97100.0	524.0	2.0	-0.008319704266853023
416	97332.0	522.0	3.0	-0.16748057637391867
417	97563.0	523.0	3.0	-0.08792481639932248
418	97795.0	525.0	2.0	0.07133541573023194
419	98025.0	524.0	2.0	-0.008319704266853023
420	98256.0	524.0	3.0	-0.008319704266853023
421	98487.0	526.0	2.0	0.1510412010053983
422	98717.0	526.0	2.0	0.1510412010053983
423	98948.0	525.0	3.0	0.07133541573023194
424	99179.0	525.0	2.0	0.07133541573023194
425	99410.0	527.0	2.0	0.23079831071106582
426	99642.0	527.0	2.0	0.23079831071106582
427	99873.0	528.0	2.0	0.31060740577061097
428	100105.0	526.0	3.0	0.1510412010053983
429	100336.0	526.0	2.0	0.1510412010053983
430	100568.0	526.0	2.0	0.1510412010053983
431	100799.0	531.0	2.0	0.5503532395581487
432	101030.0	531.0	2.0	0.5503532395581487
433	101262.0	528.0	3.0	0.31060740577061097
434	101494.0	531.0	2.0	0.5503532395581487
435	101725.0	532.0	2.0	0.6303769218321236
436	101956.0	528.0	3.0	0.31060740577061097
437	102188.0	533.0	2.0	0.7104559217884798
438	102418.0	530.0	3.0	0.4703842046961313
439	102649.0	530.0	3.0	0.4703842046961313
440	102880.0	533.0	2.0	0.7104559217884798
441	103111.0	533.0	3.0	0.7104559217884798
442	103343.0	531.0	3.0	0.5503532395581487
443	103573.0	534.0	3.0	0.7905909116663565
444	103805.0	535.0	3.0	0.8707825657076569
445	104037.0	533.0	3.0	0.7104559217884798
446	104269.0	532.0	4.0	0.6303769218321236
447	104501.0	536.0	3.0	0.9510315601904153
448	104731.0	534.0	4.0	0.7905909116663565
449	104962.0	534.0	3.0	0.7905909116663565
450	105192.0	536.0	4.0	0.9510315601904153
451	105424.0	536.0	4.0	0.9510315601904153
452	105656.0	534.0	4.0	0.7905909116663565
453	105887.0	533.0	5.0	0.7104559217884798
454	106119.0	535.0	4.0	0.8707825657076569
455	106349.0	535.0	5.0	0.8707825657076569
456	106582.0	533.0	5.0	0.7104559217884798
457	106813.0	536.0	4.0	0.9510315601904153
458	107044.0	536.0	5.0	0.9510315601904153
459	107276.0	533.0	5.0	0.7104559217884798
460	107508.0	533.0	5.0	0.7104559217884798
461	107740.0	533.0	6.0	0.7104559217884798
462	107970.0	533.0	6.0	0.7104559217884798
463	108203.0	534.0	6.0	0.7905909116663565
464	108434.0	535.0	5.0	0.8707825657076569
465	108666.0	534.0	7.0	0.7905909116663565
466	108898.0	533.0	6.0	0.7104559217884798
467	109129.0	536.0	6.0	0.9510315601904153
468	109361.0	530.0	6.0	0.4703842046961313
469	109592.0	535.0	7.0	0.8707825657076569
470	109824.0	536.0	6.0	0.9510315601904153
471	110055.0	534.0	7.0	0.7905909116663565
472	110287.0	532.0	6.0	0.6303769218321236
473	110519.0	538.0	7.0	1.111704285979215
474	110749.0	537.0	7.0	1.031338573463188
475	110981.0	535.0	8.0	0.8707825657076569
476	111212.0	532.0	7.0	0.6303769218321236
477	111444.0	532.0	8.0	0.6303769218321236
478	111676.0	535.0	7.0	0.8707825657076569
479	111907.0	534.0	8.0	0.7905909116663565
480	112139.0	534.0	8.0	0.7905909116663565
481	112370.0	533.0	8.0	0.7104559217884798
482	112601.0	535.0	8.0	0.8707825657076569
483	112832.0	534.0	9.0	0.7905909116663565
484	113064.0	527.0	9.0	0.23079831071106582
485	113296.0	532.0	8.0	0.6303769218321236
486	113527.0	531.0	9.0	0.5503532395581487
487	113758.0	530.0	9.0	0.4703842046961313
488	113988.0	534.0	9.0	0.7905909116663565
489	114220.0	532.0	9.0	0.6303769218321236
490	114450.0	528.0	10.0	0.31060740577061097
491	114682.0	528.0	9.0	0.31060740577061097
492	114913.0	532.0	9.0	0.6303769218321236
493	115145.0	530.0	10.0	0.4703842046961313
494	115376.0	529.0	10.0	0.3904691489111656
495	115607.0	529.0	10.0	0.3904691489111656
496	115840.0	526.0	9.0	0.1510412010053983
497	116070.0	528.0	10.0	0.31060740577061097
498	116302.0	525.0	11.0	0.07133541573023194
499	116534.0	524.0	10.0	-0.008319704266853023
500	116764.0	525.0	10.0	0.07133541573023194
501	116996.0	525.0	10.0	0.07133541573023194
502	117227.0	528.0	9.0	0.31060740577061097
503	117459.0	524.0	11.0	-0.008319704266853023
504	117691.0	525.0	10.0	0.07133541573023194
505	117923.0	523.0	11.0	-0.08792481639932248
506	118154.0	523.0	10.0	-0.08792481639932248
507	118385.0	527.0	10.0	0.23079831071106582
508	118617.0	522.0	11.0	-0.16748057637391867
509	118848.0	526.0	10.0	0.1510412010053983
510	119080.0	527.0	11.0	0.23079831071106582
511	119312.0	521.0	11.0	-0.24698763822283354
512	119544.0	523.0	10.0	-0.08792481639932248
513	119776.0	521.0	11.0	-0.24698763822283354
514	120007.0	524.0	10.0	-0.008319704266853023
515	120239.0	524.0	11.0	-0.008319704266853023
516	120470.0	522.0	11.0	-0.16748057637391867
517	120702.0	523.0	10.0	-0.08792481639932248
518	120934.0	520.0	11.0	-0.3264466543353137
519	121166.0	519.0	11.0	-0.4058582754896065
520	121398.0	523.0	10.0	-0.08792481639932248
521	121629.0	519.0	11.0	-0.4058582754896065
522	121861.0	523.0	10.0	-0.08792481639932248
523	122092.0	518.0	11.0	-0.4852231508842806
524	122324.0	522.0	10.0	-0.16748057637391867
525	122555.0	517.0	11.0	-0.5645419281696036
526	122786.0	521.0	10.0	-0.24698763822283354
527	123018.0	517.0	11.0	-0.5645419281696036
528	123249.0	520.0	10.0	-0.3264466543353137
529	123481.0	516.0	11.0	-0.6438152534788628
530	123712.0	518.0	10.0	-0.4852231508842806
531	123944.0	520.0	10.0	-0.3264466543353137
532	124176.0	520.0	10.0	-0.3264466543353137
533	124408.0	519.0	11.0	-0.4058582754896065
534	124647.0	520.0	10.0	-0.3264466543353137
535	124879.0	520.0	9.0	-0.3264466543353137
536	125111.0	521.0	10.0	-0.24698763822283354
537	125341.0	518.0	10.0	-0.4852231508842806
538	125573.0	520.0	10.0	-0.3264466543353137
539	125804.0	516.0	10.0	-0.6438152534788628
540	126036.0	516.0	10.0	-0.6438152534788628
541	126268.0	514.0	10.0	-0.8022281253035999
542	126500.0	519.0	9.0	-0.4058582754896065
543	126731.0	515.0	10.0	-0.7230437714594018
544	126962.0	518.0	9.0	-0.4852231508842806
545	127194.0	513.0	10.0	-0.8813689567797383
546	127425.0	519.0	9.0	-0.4058582754896065
547	127657.0	512.0	10.0	-0.9604669062625248
548	127888.0	515.0	9.0	-0.7230437714594018
549	128119.0	516.0	9.0	-0.6438152534788628
550	128350.0	514.0	9.0	-0.8022281253035999
551	128580.0	514.0	9.0	-0.8022281253035999
552	128812.0	517.0	8.0	-0.5645419281696036
553	129043.0	516.0	9.0	-0.6438152534788628
554	129275.0	513.0	9.0	-0.8813689567797383
555	129507.0	517.0	8.0	-0.5645419281696036
556	129738.0	513.0	9.0	-0.8813689567797383
557	129969.0	514.0	8.0	-0.8022281253035999
558	130200.0	514.0	8.0	-0.8022281253035999
559	130432.0	514.0	8.0	-0.8022281253035999
560	130662.0	514.0	8.0	-0.8022281253035999
561	130893.0	515.0	7.0	-0.7230437714594018
562	131125.0	518.0	8.0	-0.4852231508842806
563	131355.0	513.0	8.0	-0.8813689567797383
564	131587.0	515.0	7.0	-0.7230437714594018
565	131818.0	518.0	7.0	-0.4852231508842806
566	132050.0	517.0	7.0	-0.5645419281696036
567	132282.0	517.0	7.0	-0.5645419281696036
568	132514.0	514.0	7.0	-0.8022281253035999
569	132746.0	514.0	7.0	-0.8022281253035999
570	132977.0	517.0	6.0	-0.5645419281696036
571	133209.0	514.0	7.0	-0.8022281253035999
572	133440.0	514.0	6.0	-0.8022281253035999
573	133672.0	517.0	6.0	-0.5645419281696036
574	133904.0	517.0	7.0	-0.5645419281696036
575	134136.0	514.0	7.0	-0.8022281253035999
576	134367.0	514.0	6.0	-0.8022281253035999
577	134598.0	518.0	5.0	-0.4852231508842806
578	134830.0	515.0	6.0	-0.7230437714594018
579	135061.0	515.0	5.0	-0.7230437714594018
580	135293.0	519.0	5.0	-0.4058582754896065
581	135525.0	519.0	6.0	-0.4058582754896065
582	135756.0	515.0	6.0	-0.7230437714594018
583	135988.0	516.0	5.0	-0.6438152534788628
584	136218.0	519.0	5.0	-0.4058582754896065
585	136450.0	516.0	6.0	-0.6438152534788628
586	136681.0	516.0	5.0	-0.6438152534788628
587	136913.0	520.0	4.0	-0.3264466543353137
588	137145.0	520.0	5.0	-0.3264466543353137
589	137376.0	520.0	5.0	-0.3264466543353137
590	137608.0	517.0	5.0	-0.5645419281696036
591	137839.0	517.0	4.0	-0.5645419281696036
592	138070.0	521.0	4.0	-0.24698763822283354
593	138301.0	518.0	5.0	-0.4852231508842806
594	138548.0	521.0	4.0	-0.24698763822283354
595	138779.0	522.0	4.0	-0.16748057637391867
596	139010.0	522.0	4.0	-0.16748057637391867
597	139241.0	522.0	4.0	-0.16748057637391867
598	139472.0	522.0	4.0	-0.16748057637391867
599	139704.0	519.0	4.0	-0.4058582754896065
600	139936.0	519.0	3.0	-0.4058582754896065
601	140167.0	523.0	3.0	-0.08792481639932248
602	140397.0	519.0	4.0	-0.4058582754896065
603	140628.0	524.0	3.0	-0.008319704266853023
604	140860.0	521.0	4.0	-0.24698763822283354
605	141091.0	520.0	3.0	-0.3264466543353137
606	141323.0	519.0	3.0	-0.4058582754896065
607	141554.0	525.0	3.0	0.07133541573023194
608	141786.0	525.0	3.0	0.07133541573023194
609	142016.0	522.0	3.0	-0.16748057637391867
610	142248.0	522.0	3.0	-0.16748057637391867
611	142480.0	522.0	3.0	-0.16748057637391867
612	142712.0	526.0	2.0	0.1510412010053983
613	142944.0	527.0	3.0	0.23079831071106582
614	143174.0	523.0	3.0	-0.08792481639932248
615	143418.0	527.0	2.0	0.23079831071106582
616	143649.0	524.0	3.0	-0.008319704266853023
617	143881.0	524.0	3.0	-0.008319704266853023
618	144112.0	525.0	2.0	0.07133541573023194
619	144344.0	525.0	3.0	0.07133541573023194
620	144575.0	525.0	2.0	0.07133541573023194
621	144806.0	526.0	2.0	0.1510412010053983
622	145038.0	526.0	3.0	0.1510412010053983
623	145272.0	529.0	2.0	0.3904691489111656
624	145503.0	526.0	3.0	0.1510412010053983
625	145734.0	530.0	2.0	0.4703842046961313
626	145966.0	527.0	3.0	0.23079831071106582
627	146197.0	531.0	2.0	0.5503532395581487
628	146429.0	527.0	3.0	0.23079831071106582
629	146660.0	528.0	3.0	0.31060740577061097
630	146892.0	531.0	2.0	0.5503532395581487
631	147123.0	528.0	3.0	0.31060740577061097
632	147354.0	529.0	3.0	0.3904691489111656
633	147585.0	529.0	3.0	0.3904691489111656
634	147816.0	533.0	2.0	0.7104559217884798
635	148048.0	533.0	3.0	0.7104559217884798
636	148279.0	532.0	3.0	0.6303769218321236
637	148509.0	533.0	3.0	0.7104559217884798
638	148741.0	531.0	4.0	0.5503532395581487
639	148972.0	531.0	3.0	0.5503532395581487
640	149204.0	534.0	3.0	0.7905909116663565
641	149436.0	530.0	4.0	0.4703842046961313
642	149667.0	535.0	3.0	0.8707825657076569
643	149899.0	534.0	4.0	0.7905909116663565
644	150129.0	532.0	4.0	0.6303769218321236
645	150360.0	531.0	4.0	0.5503532395581487
646	150591.0	531.0	4.0	0.5503532395581487
647	150823.0	536.0	4.0	0.9510315601904153
648	151055.0	533.0	5.0	0.7104559217884798
649	151287.0	536.0	4.0	0.9510315601904153
650	151519.0	531.0	5.0	0.5503532395581487
651	151749.0	530.0	4.0	0.4703842046961313
652	151980.0	531.0	5.0	0.5503532395581487
653	152210.0	532.0	5.0	0.6303769218321236
654	152442.0	536.0	4.0	0.9510315601904153
655	152673.0	531.0	5.0	0.5503532395581487
656	152905.0	531.0	5.0	0.5503532395581487
657	153137.0	534.0	6.0	0.7905909116663565
658	153367.0	532.0	5.0	0.6303769218321236
659	153600.0	532.0	6.0	0.6303769218321236
660	153830.0	533.0	5.0	0.7104559217884798
661	154062.0	536.0	5.0	0.9510315601904153
662	154294.0	533.0	6.0	0.7104559217884798
663	154524.0	532.0	6.0	0.6303769218321236
664	154756.0	532.0	6.0	0.6303769218321236
665	154986.0	532.0	6.0	0.6303769218321236
666	155218.0	532.0	6.0	0.6303769218321236
667	155450.0	535.0	6.0	0.8707825657076569
668	155682.0	532.0	7.0	0.6303769218321236
669	155913.0	537.0	6.0	1.031338573463188
670	156144.0	534.0	7.0	0.7905909116663565
671	156376.0	533.0	7.0	0.7104559217884798
672	156607.0	535.0	7.0	0.8707825657076569
673	156839.0	531.0	7.0	0.5503532395581487
674	157071.0	529.0	8.0	0.3904691489111656
675	157303.0	534.0	7.0	0.7905909116663565
676	157535.0	532.0	8.0	0.6303769218321236
677	157766.0	532.0	8.0	0.6303769218321236
678	157998.0	528.0	8.0	0.31060740577061097
679	158228.0	530.0	8.0	0.4703842046961313
680	158460.0	529.0	8.0	0.3904691489111656
681	158698.0	534.0	8.0	0.7905909116663565
682	158929.0	529.0	9.0	0.3904691489111656
683	159161.0	532.0	8.0	0.6303769218321236
684	159392.0	524.0	9.0	-0.008319704266853023
685	159623.0	527.0	9.0	0.23079831071106582
686	159853.0	531.0	8.0	0.5503532395581487
687	160084.0	529.0	9.0	0.3904691489111656
688	160316.0	529.0	9.0	0.3904691489111656
689	160548.0	530.0	9.0	0.4703842046961313
690	160780.0	530.0	9.0	0.4703842046961313
691	161012.0	527.0	10.0	0.23079831071106582
692	161244.0	525.0	9.0	0.07133541573023194
693	161474.0	531.0	9.0	0.5503532395581487
694	161707.0	525.0	10.0	0.07133541573023194
695	161937.0	525.0	9.0	0.07133541573023194
696	162169.0	524.0	10.0	-0.008319704266853023
697	162400.0	528.0	9.0	0.31060740577061097
698	162630.0	524.0	10.0	-0.008319704266853023
699	162862.0	527.0	9.0	0.23079831071106582
700	163093.0	523.0	10.0	-0.08792481639932248
701	163325.0	524.0	10.0	-0.008319704266853023
702	163557.0	526.0	9.0	0.1510412010053983
703	163788.0	527.0	10.0	0.23079831071106582
704	164020.0	523.0	10.0	-0.08792481639932248
705	164251.0	523.0	10.0	-0.08792481639932248
706	164483.0	525.0	10.0	0.07133541573023194
707	164714.0	521.0	9.0	-0.24698763822283354
708	164946.0	525.0	10.0	0.07133541573023194
709	165178.0	523.0	10.0	-0.08792481639932248
710	165410.0	526.0	10.0	0.1510412010053983
711	165642.0	523.0	10.0	-0.08792481639932248
712	165873.0	523.0	10.0	-0.08792481639932248
713	166105.0	521.0	10.0	-0.24698763822283354
714	166336.0	520.0	10.0	-0.3264466543353137
715	166568.0	521.0	10.0	-0.24698763822283354
716	166800.0	519.0	10.0	-0.4058582754896065
717	167032.0	519.0	10.0	-0.4058582754896065
718	167264.0	519.0	10.0	-0.4058582754896065
719	167495.0	522.0	9.0	-0.16748057637391867
720	167726.0	521.0	10.0	-0.24698763822283354
721	167957.0	519.0	10.0	-0.4058582754896065
722	168189.0	519.0	10.0	-0.4058582754896065
723	168421.0	519.0	10.0	-0.4058582754896065
724	168653.0	521.0	9.0	-0.24698763822283354
725	168884.0	517.0	10.0	-0.5645419281696036
726	169115.0	521.0	9.0	-0.24698763822283354
727	169347.0	519.0	10.0	-0.4058582754896065
728	169578.0	514.0	10.0	-0.8022281253035999
729	169810.0	522.0	9.0	-0.16748057637391867
730	170041.0	521.0	9.0	-0.24698763822283354
731	170273.0	515.0	10.0	-0.7230437714594018
732	170505.0	520.0	9.0	-0.3264466543353137
733	170735.0	520.0	9.0	-0.3264466543353137
734	170967.0	516.0	10.0	-0.6438152534788628
735	171198.0	517.0	9.0	-0.5645419281696036
736	171429.0	516.0	9.0	-0.6438152534788628
737	171660.0	516.0	9.0	-0.6438152534788628
738	171890.0	517.0	8.0	-0.5645419281696036
739	172122.0	519.0	9.0	-0.4058582754896065
740	172353.0	519.0	9.0	-0.4058582754896065
741	172585.0	517.0	9.0	-0.5645419281696036
742	172817.0	518.0	8.0	-0.4852231508842806
743	173048.0	515.0	9.0	-0.7230437714594018
744	173279.0	519.0	8.0	-0.4058582754896065
745	173510.0	519.0	8.0	-0.4058582754896065
746	173741.0	515.0	9.0	-0.7230437714594018
747	173971.0	515.0	8.0	-0.7230437714594018
748	174203.0	516.0	8.0	-0.6438152534788628
749	174435.0	516.0	8.0	-0.6438152534788628
750	174666.0	516.0	8.0	-0.6438152534788628
751	174898.0	519.0	7.0	-0.4058582754896065
752	175128.0	515.0	8.0	-0.7230437714594018
753	175360.0	518.0	7.0	-0.4852231508842806
754	175591.0	515.0	8.0	-0.7230437714594018
755	175823.0	520.0	7.0	-0.3264466543353137
756	176054.0	519.0	7.0	-0.4058582754896065
757	176285.0	519.0	7.0	-0.4058582754896065
758	176516.0	519.0	7.0	-0.4058582754896065
759	176747.0	519.0	7.0	-0.4058582754896065
760	176978.0	519.0	7.0	-0.4058582754896065
761	177209.0	516.0	7.0	-0.6438152534788628
762	177440.0	516.0	7.0	-0.6438152534788628
763	177671.0	519.0	6.0	-0.4058582754896065
764	177902.0	515.0	7.0	-0.7230437714594018
765	178134.0	516.0	7.0	-0.6438152534788628
766	178365.0	519.0	6.0	-0.4058582754896065
767	178597.0	520.0	6.0	-0.3264466543353137
768	178829.0	520.0	6.0	-0.3264466543353137
769	179061.0	520.0	6.0	-0.3264466543353137
770	179293.0	520.0	6.0	-0.3264466543353137
771	179524.0	517.0	6.0	-0.5645419281696036
772	179755.0	516.0	6.0	-0.6438152534788628
773	179986.0	520.0	6.0	-0.3264466543353137
774	180217.0	517.0	7.0	-0.5645419281696036
775	180448.0	518.0	6.0	-0.4852231508842806
776	180679.0	520.0	5.0	-0.3264466543353137
777	180911.0	521.0	5.0	-0.24698763822283354
778	181141.0	520.0	5.0	-0.3264466543353137
779	181373.0	521.0	5.0	-0.24698763822283354
780	181605.0	521.0	5.0	-0.24698763822283354
781	181837.0	521.0	5.0	-0.24698763822283354
782	182069.0	518.0	6.0	-0.4852231508842806
783	182299.0	517.0	5.0	-0.5645419281696036
784	182531.0	522.0	5.0	-0.16748057637391867
785	182761.0	519.0	6.0	-0.4058582754896065
786	182992.0	518.0	5.0	-0.4852231508842806
787	183224.0	522.0	4.0	-0.16748057637391867
788	183455.0	518.0	6.0	-0.4852231508842806
789	183687.0	519.0	5.0	-0.4058582754896065
790	183917.0	518.0	5.0	-0.4852231508842806
791	184150.0	519.0	5.0	-0.4058582754896065
792	184381.0	519.0	5.0	-0.4058582754896065
793	184613.0	522.0	4.0	-0.16748057637391867
794	184845.0	523.0	5.0	-0.08792481639932248
795	185076.0	520.0	5.0	-0.3264466543353137
796	185308.0	524.0	4.0	-0.008319704266853023
797	185538.0	520.0	5.0	-0.3264466543353137
798	185771.0	524.0	4.0	-0.008319704266853023
799	186001.0	524.0	4.0	-0.008319704266853023
800	186233.0	521.0	5.0	-0.24698763822283354
801	186465.0	521.0	4.0	-0.24698763822283354
802	186697.0	521.0	4.0	-0.24698763822283354
803	186934.0	524.0	3.0	-0.008319704266853023
804	187165.0	525.0	4.0	0.07133541573023194
805	187397.0	525.0	4.0	0.07133541573023194
806	187628.0	526.0	4.0	0.1510412010053983
807	187859.0	522.0	4.0	-0.16748057637391867
808	188091.0	522.0	4.0	-0.16748057637391867
809	188323.0	523.0	4.0	-0.08792481639932248
810	188555.0	526.0	3.0	0.1510412010053983
811	188786.0	527.0	4.0	0.23079831071106582
812	189018.0	523.0	4.0	-0.08792481639932248
813	189249.0	523.0	4.0	-0.08792481639932248
814	189480.0	527.0	3.0	0.23079831071106582
815	189711.0	524.0	4.0	-0.008319704266853023
816	189943.0	524.0	4.0	-0.008319704266853023
817	190175.0	528.0	3.0	0.31060740577061097
818	190406.0	525.0	4.0	0.07133541573023194
819	190638.0	524.0	4.0	-0.008319704266853023
820	190869.0	528.0	3.0	0.31060740577061097
821	191101.0	524.0	4.0	-0.008319704266853023
822	191333.0	525.0	4.0	0.07133541573023194
823	191565.0	528.0	3.0	0.31060740577061097
824	191796.0	529.0	4.0	0.3904691489111656
825	192026.0	527.0	4.0	0.23079831071106582
826	192258.0	526.0	4.0	0.1510412010053983
827	192489.0	529.0	3.0	0.3904691489111656
828	192721.0	530.0	4.0	0.4703842046961313
829	192953.0	527.0	4.0	0.23079831071106582
830	193185.0	527.0	4.0	0.23079831071106582
831	193417.0	527.0	4.0	0.23079831071106582
832	193647.0	527.0	4.0	0.23079831071106582
833	193879.0	527.0	4.0	0.23079831071106582
834	194109.0	528.0	4.0	0.31060740577061097
835	194348.0	531.0	3.0	0.5503532395581487
836	194578.0	530.0	4.0	0.4703842046961313
837	194810.0	528.0	5.0	0.31060740577061097
838	195041.0	528.0	4.0	0.31060740577061097
839	195273.0	530.0	3.0	0.4703842046961313
840	195504.0	529.0	5.0	0.3904691489111656
841	195735.0	532.0	4.0	0.6303769218321236
842	195968.0	532.0	5.0	0.6303769218321236
843	196198.0	529.0	5.0	0.3904691489111656
844	196430.0	528.0	5.0	0.31060740577061097
845	196662.0	530.0	4.0	0.4703842046961313
846	196892.0	533.0	4.0	0.7104559217884798
847	197124.0	529.0	5.0	0.3904691489111656
848	197355.0	529.0	5.0	0.3904691489111656
849	197586.0	529.0	5.0	0.3904691489111656
850	197817.0	533.0	4.0	0.7104559217884798
851	198049.0	529.0	5.0	0.3904691489111656
852	198280.0	532.0	4.0	0.6303769218321236
853	198511.0	533.0	5.0	0.7104559217884798
854	198743.0	528.0	6.0	0.31060740577061097
855	198974.0	528.0	5.0	0.31060740577061097
856	199206.0	529.0	5.0	0.3904691489111656
857	199437.0	529.0	5.0	0.3904691489111656
858	199668.0	529.0	5.0	0.3904691489111656
859	199899.0	534.0	5.0	0.7905909116663565
860	200129.0	529.0	6.0	0.3904691489111656
861	200361.0	532.0	5.0	0.6303769218321236
862	200642.0	532.0	6.0	0.6303769218321236
863	200875.0	529.0	6.0	0.3904691489111656
864	201106.0	529.0	6.0	0.3904691489111656
865	201337.0	528.0	6.0	0.31060740577061097
866	201569.0	531.0	6.0	0.5503532395581487
867	201801.0	527.0	6.0	0.23079831071106582
868	202033.0	533.0	6.0	0.7104559217884798
869	202264.0	532.0	6.0	0.6303769218321236
870	202496.0	529.0	7.0	0.3904691489111656
871	202727.0	532.0	6.0	0.6303769218321236
872	202958.0	529.0	7.0	0.3904691489111656
873	203190.0	526.0	7.0	0.1510412010053983
874	203421.0	531.0	6.0	0.5503532395581487
875	203652.0	531.0	7.0	0.5503532395581487
876	203882.0	532.0	7.0	0.6303769218321236
877	204114.0	531.0	7.0	0.5503532395581487
878	204346.0	532.0	7.0	0.6303769218321236
879	204578.0	526.0	8.0	0.1510412010053983
880	204810.0	529.0	7.0	0.3904691489111656
881	205040.0	530.0	7.0	0.4703842046961313
882	205272.0	527.0	8.0	0.23079831071106582
883	205503.0	527.0	8.0	0.23079831071106582
884	205735.0	531.0	7.0	0.5503532395581487
885	205967.0	529.0	8.0	0.3904691489111656
886	206199.0	527.0	8.0	0.23079831071106582
887	206431.0	523.0	8.0	-0.08792481639932248
888	206662.0	527.0	8.0	0.23079831071106582
889	206893.0	525.0	8.0	0.07133541573023194
890	207124.0	526.0	8.0	0.1510412010053983
891	207355.0	529.0	8.0	0.3904691489111656
892	207587.0	529.0	8.0	0.3904691489111656
893	207819.0	526.0	9.0	0.1510412010053983
894	208051.0	525.0	8.0	0.07133541573023194
895	208281.0	527.0	8.0	0.23079831071106582
896	208513.0	527.0	9.0	0.23079831071106582
897	208744.0	525.0	8.0	0.07133541573023194
898	208975.0	522.0	8.0	-0.16748057637391867
899	209207.0	524.0	9.0	-0.008319704266853023
900	209437.0	523.0	9.0	-0.08792481639932248
901	209669.0	527.0	8.0	0.23079831071106582
902	209900.0	522.0	9.0	-0.16748057637391867
903	210132.0	528.0	8.0	0.31060740577061097
904	210363.0	526.0	9.0	0.1510412010053983
905	210595.0	522.0	9.0	-0.16748057637391867
906	210827.0	525.0	8.0	0.07133541573023194
907	211057.0	521.0	9.0	-0.24698763822283354
908	211289.0	522.0	9.0	-0.16748057637391867
909	211519.0	524.0	8.0	-0.008319704266853023
910	211751.0	522.0	9.0	-0.16748057637391867
911	211982.0	522.0	9.0	-0.16748057637391867
912	212214.0	527.0	8.0	0.23079831071106582
913	212480.0	520.0	9.0	-0.3264466543353137
914	212710.0	525.0	8.0	0.07133541573023194
915	212946.0	524.0	9.0	-0.008319704266853023
916	213178.0	522.0	9.0	-0.16748057637391867
917	213409.0	524.0	8.0	-0.008319704266853023
918	213641.0	524.0	9.0	-0.008319704266853023
919	213872.0	521.0	9.0	-0.24698763822283354
920	214103.0	524.0	8.0	-0.008319704266853023
921	214334.0	523.0	9.0	-0.08792481639932248
922	214566.0	520.0	9.0	-0.3264466543353137
923	214798.0	523.0	8.0	-0.08792481639932248
924	215029.0	521.0	9.0	-0.24698763822283354
925	215260.0	519.0	9.0	-0.4058582754896065
926	215490.0	524.0	8.0	-0.008319704266853023
927	215723.0	519.0	9.0	-0.4058582754896065
928	215954.0	523.0	8.0	-0.08792481639932248
929	216186.0	518.0	9.0	-0.4852231508842806
930	216417.0	521.0	8.0	-0.24698763822283354
931	216649.0	517.0	9.0	-0.5645419281696036
932	216880.0	522.0	8.0	-0.16748057637391867
933	217111.0	518.0	9.0	-0.4852231508842806
934	217344.0	518.0	8.0	-0.4852231508842806
935	217575.0	522.0	8.0	-0.16748057637391867
936	217807.0	517.0	9.0	-0.5645419281696036
937	218038.0	518.0	8.0	-0.4852231508842806
938	218269.0	518.0	8.0	-0.4852231508842806
939	218500.0	517.0	8.0	-0.5645419281696036
940	218731.0	517.0	8.0	-0.5645419281696036
941	218962.0	517.0	8.0	-0.5645419281696036
942	219194.0	517.0	8.0	-0.5645419281696036
943	219430.0	517.0	8.0	-0.5645419281696036
944	219661.0	521.0	7.0	-0.24698763822283354
945	219893.0	517.0	8.0	-0.5645419281696036
946	220124.0	520.0	7.0	-0.3264466543353137
947	220355.0	516.0	8.0	-0.6438152534788628
948	220587.0	520.0	7.0	-0.3264466543353137
949	220818.0	515.0	8.0	-0.7230437714594018
950	221050.0	517.0	7.0	-0.5645419281696036
951	221281.0	517.0	7.0	-0.5645419281696036
952	221513.0	518.0	7.0	-0.4852231508842806
953	221745.0	516.0	7.0	-0.6438152534788628
954	221976.0	518.0	7.0	-0.4852231508842806
955	222208.0	517.0	7.0	-0.5645419281696036
956	222438.0	521.0	6.0	-0.24698763822283354
957	222670.0	516.0	7.0	-0.6438152534788628
958	222901.0	520.0	6.0	-0.3264466543353137
959	223132.0	518.0	7.0	-0.4852231508842806
960	223364.0	517.0	7.0	-0.5645419281696036
961	223595.0	517.0	6.0	-0.5645419281696036
962	223827.0	521.0	6.0	-0.24698763822283354
963	224059.0	520.0	7.0	-0.3264466543353137
964	224291.0	518.0	7.0	-0.4852231508842806
965	224523.0	517.0	6.0	-0.5645419281696036
966	224753.0	522.0	5.0	-0.16748057637391867
967	224984.0	522.0	6.0	-0.16748057637391867
968	225215.0	517.0	7.0	-0.5645419281696036
969	225447.0	521.0	6.0	-0.24698763822283354
970	225679.0	521.0	6.0	-0.24698763822283354
971	225911.0	518.0	6.0	-0.4852231508842806
972	226143.0	518.0	5.0	-0.4852231508842806
973	226374.0	518.0	5.0	-0.4852231508842806
974	226606.0	519.0	5.0	-0.4058582754896065
975	226836.0	519.0	5.0	-0.4058582754896065
976	227068.0	518.0	5.0	-0.4852231508842806
977	227300.0	519.0	5.0	-0.4058582754896065
978	227532.0	522.0	5.0	-0.16748057637391867
979	227764.0	519.0	6.0	-0.4058582754896065
980	227994.0	523.0	5.0	-0.08792481639932248
981	228226.0	519.0	6.0	-0.4058582754896065
982	228457.0	519.0	5.0	-0.4058582754896065
983	228689.0	524.0	4.0	-0.008319704266853023
984	228920.0	523.0	5.0	-0.08792481639932248
985	229152.0	523.0	5.0	-0.08792481639932248
986	229384.0	524.0	5.0	-0.008319704266853023
987	229615.0	524.0	4.0	-0.008319704266853023
988	229847.0	524.0	5.0	-0.008319704266853023
989	230078.0	525.0	5.0	0.07133541573023194
990	230310.0	521.0	5.0	-0.24698763822283354
991	230542.0	521.0	4.0	-0.24698763822283354
992	230773.0	525.0	4.0	0.07133541573023194
993	231005.0	525.0	4.0	0.07133541573023194
994	231236.0	522.0	5.0	-0.16748057637391867
995	231468.0	525.0	4.0	0.07133541573023194
996	231699.0	522.0	5.0	-0.16748057637391867
997	231931.0	522.0	4.0	-0.16748057637391867
998	232163.0	525.0	4.0	0.07133541573023194
999	232395.0	523.0	5.0	-0.08792481639932248
1000	232626.0	526.0	4.0	0.1510412010053983
1001	232857.0	523.0	5.0	-0.08792481639932248
1002	233089.0	521.0	4.0	-0.24698763822283354
1003	233320.0	526.0	3.0	0.1510412010053983
1004	233552.0	523.0	5.0	-0.08792481639932248
1005	233783.0	527.0	4.0	0.23079831071106582
1006	234015.0	525.0	5.0	0.07133541573023194
1007	234246.0	524.0	4.0	-0.008319704266853023
1008	234477.0	527.0	4.0	0.23079831071106582
1009	234708.0	524.0	5.0	-0.008319704266853023
1010	234940.0	525.0	4.0	0.07133541573023194
1011	235171.0	528.0	3.0	0.31060740577061097
1012	235403.0	524.0	5.0	-0.008319704266853023
1013	235634.0	525.0	4.0	0.07133541573023194
1014	235866.0	528.0	3.0	0.31060740577061097
1015	236097.0	525.0	5.0	0.07133541573023194
1016	236363.0	525.0	4.0	0.07133541573023194
1017	236595.0	529.0	4.0	0.3904691489111656
1018	236826.0	526.0	5.0	0.1510412010053983
1019	237058.0	529.0	4.0	0.3904691489111656
1020	237289.0	526.0	5.0	0.1510412010053983
1021	237521.0	530.0	4.0	0.4703842046961313
1022	237753.0	525.0	5.0	0.07133541573023194
1023	237984.0	530.0	4.0	0.4703842046961313
1024	238216.0	526.0	5.0	0.1510412010053983
1025	238446.0	526.0	4.0	0.1510412010053983
1026	238678.0	530.0	4.0	0.4703842046961313
1027	238908.0	529.0	5.0	0.3904691489111656
1028	239140.0	527.0	5.0	0.23079831071106582
1029	239372.0	525.0	4.0	0.07133541573023194
1030	239633.0	531.0	4.0	0.5503532395581487
1031	239864.0	532.0	4.0	0.6303769218321236
1032	240096.0	530.0	4.0	0.4703842046961313
1033	240327.0	528.0	5.0	0.31060740577061097
1034	240566.0	527.0	5.0	0.23079831071106582
1035	240797.0	531.0	4.0	0.5503532395581487
1036	241029.0	526.0	6.0	0.1510412010053983
1037	241259.0	527.0	5.0	0.23079831071106582
1038	241490.0	531.0	4.0	0.5503532395581487
1039	241722.0	532.0	5.0	0.6303769218321236
1040	241954.0	527.0	6.0	0.23079831071106582
1041	242185.0	531.0	5.0	0.5503532395581487
1042	242450.0	530.0	5.0	0.4703842046961313
1043	242681.0	528.0	6.0	0.31060740577061097
1044	242913.0	527.0	5.0	0.23079831071106582
1045	243145.0	532.0	5.0	0.6303769218321236
1046	243377.0	529.0	6.0	0.3904691489111656
1047	243608.0	526.0	6.0	0.1510412010053983
1048	243840.0	528.0	6.0	0.31060740577061097
1049	244071.0	530.0	5.0	0.4703842046961313
1050	244303.0	527.0	6.0	0.23079831071106582
1051	244534.0	531.0	5.0	0.5503532395581487
1052	244765.0	529.0	6.0	0.3904691489111656
1053	244997.0	527.0	6.0	0.23079831071106582
1054	245228.0	526.0	6.0	0.1510412010053983
1055	245459.0	531.0	6.0	0.5503532395581487
1056	245691.0	531.0	6.0	0.5503532395581487
1057	245923.0	528.0	6.0	0.31060740577061097
1058	246155.0	526.0	7.0	0.1510412010053983
1059	246386.0	526.0	6.0	0.1510412010053983
1060	246618.0	531.0	6.0	0.5503532395581487
1061	246848.0	528.0	7.0	0.31060740577061097
1062	247079.0	527.0	7.0	0.23079831071106582
1063	247374.0	529.0	6.0	0.3904691489111656
1064	247606.0	526.0	7.0	0.1510412010053983
1065	247844.0	526.0	7.0	0.1510412010053983
1066	248076.0	528.0	6.0	0.31060740577061097
1067	248308.0	528.0	7.0	0.31060740577061097
1068	248539.0	525.0	7.0	0.07133541573023194
1069	248770.0	527.0	7.0	0.23079831071106582
1070	249001.0	525.0	7.0	0.07133541573023194
1071	249232.0	530.0	6.0	0.4703842046961313
1072	249464.0	530.0	7.0	0.4703842046961313
1073	249695.0	524.0	7.0	-0.008319704266853023
1074	249926.0	526.0	8.0	0.1510412010053983
1075	250158.0	526.0	7.0	0.1510412010053983
1076	250389.0	522.0	7.0	-0.16748057637391867
1077	250643.0	525.0	7.0	0.07133541573023194
1078	250875.0	529.0	7.0	0.3904691489111656
1079	251143.0	524.0	8.0	-0.008319704266853023
1080	251373.0	528.0	7.0	0.31060740577061097
1081	251604.0	524.0	8.0	-0.008319704266853023
1082	251836.0	524.0	7.0	-0.008319704266853023
1083	252068.0	528.0	7.0	0.31060740577061097
1084	252300.0	527.0	8.0	0.23079831071106582
1085	252532.0	529.0	7.0	0.3904691489111656
1086	252764.0	524.0	8.0	-0.008319704266853023
1087	252995.0	524.0	8.0	-0.008319704266853023
1088	253227.0	526.0	7.0	0.1510412010053983
1089	253458.0	524.0	8.0	-0.008319704266853023
1090	253690.0	528.0	7.0	0.31060740577061097
1091	253922.0	526.0	8.0	0.1510412010053983
1092	254154.0	522.0	8.0	-0.16748057637391867
1093	254386.0	522.0	8.0	-0.16748057637391867
1094	254617.0	529.0	7.0	0.3904691489111656
1095	254849.0	526.0	8.0	0.1510412010053983
1096	255080.0	521.0	8.0	-0.24698763822283354
1097	255311.0	522.0	8.0	-0.16748057637391867
1098	255543.0	521.0	8.0	-0.24698763822283354
1099	255775.0	527.0	7.0	0.23079831071106582
1100	256006.0	525.0	8.0	0.07133541573023194
1101	256237.0	523.0	8.0	-0.08792481639932248
1102	256468.0	523.0	8.0	-0.08792481639932248
1103	256700.0	521.0	8.0	-0.24698763822283354
1104	256932.0	521.0	8.0	-0.24698763822283354
1105	257164.0	524.0	7.0	-0.008319704266853023
1106	257394.0	525.0	8.0	0.07133541573023194
1107	257626.0	524.0	8.0	-0.008319704266853023
1108	257856.0	521.0	8.0	-0.24698763822283354
1109	258088.0	521.0	8.0	-0.24698763822283354
1110	258320.0	521.0	8.0	-0.24698763822283354
1111	258551.0	524.0	7.0	-0.008319704266853023
1112	258783.0	523.0	8.0	-0.08792481639932248
1113	259013.0	521.0	8.0	-0.24698763822283354
1114	259245.0	520.0	8.0	-0.3264466543353137
1115	259475.0	524.0	7.0	-0.008319704266853023
1116	259707.0	521.0	8.0	-0.24698763822283354
1117	259938.0	520.0	8.0	-0.3264466543353137
1118	260170.0	523.0	7.0	-0.08792481639932248
1119	260402.0	522.0	8.0	-0.16748057637391867
1120	260633.0	519.0	8.0	-0.4058582754896065
1121	260865.0	521.0	7.0	-0.24698763822283354
1122	261096.0	520.0	8.0	-0.3264466543353137
1123	261328.0	522.0	7.0	-0.16748057637391867
1124	261560.0	518.0	8.0	-0.4852231508842806
1125	261792.0	522.0	7.0	-0.16748057637391867
1126	262024.0	523.0	7.0	-0.08792481639932248
1127	262255.0	521.0	8.0	-0.24698763822283354
1128	262486.0	520.0	7.0	-0.3264466543353137
1129	262717.0	520.0	7.0	-0.3264466543353137
1130	262949.0	523.0	7.0	-0.08792481639932248
1131	263180.0	522.0	7.0	-0.16748057637391867
1132	263412.0	523.0	7.0	-0.08792481639932248
1133	263644.0	523.0	7.0	-0.08792481639932248
1134	263875.0	523.0	7.0	-0.08792481639932248
1135	264107.0	523.0	7.0	-0.08792481639932248
1136	264337.0	523.0	7.0	-0.08792481639932248
1137	264569.0	523.0	7.0	-0.08792481639932248
1138	264801.0	523.0	7.0	-0.08792481639932248
1139	265033.0	520.0	7.0	-0.3264466543353137
1140	265265.0	520.0	7.0	-0.3264466543353137
1141	265496.0	519.0	7.0	-0.4058582754896065
1142	265728.0	522.0	6.0	-0.16748057637391867
1143	265959.0	524.0	7.0	-0.008319704266853023
1144	266191.0	518.0	7.0	-0.4852231508842806
1145	266423.0	523.0	6.0	-0.08792481639932248
1146	266653.0	520.0	7.0	-0.3264466543353137
1147	266885.0	521.0	7.0	-0.24698763822283354
1148	267115.0	519.0	6.0	-0.4058582754896065
1149	267347.0	519.0	7.0	-0.4058582754896065
1150	267578.0	520.0	7.0	-0.3264466543353137
1151	267810.0	523.0	6.0	-0.08792481639932248
1152	268042.0	520.0	7.0	-0.3264466543353137
1153	268272.0	519.0	6.0	-0.4058582754896065
1154	268504.0	524.0	6.0	-0.008319704266853023
1155	268734.0	523.0	7.0	-0.08792481639932248
1156	268966.0	523.0	6.0	-0.08792481639932248
1157	269197.0	523.0	6.0	-0.08792481639932248
1158	269429.0	524.0	6.0	-0.008319704266853023
1159	269661.0	524.0	6.0	-0.008319704266853023
1160	269891.0	524.0	6.0	-0.008319704266853023
1161	270123.0	524.0	6.0	-0.008319704266853023
1162	270353.0	524.0	6.0	-0.008319704266853023
1163	270585.0	525.0	6.0	0.07133541573023194
1164	270817.0	520.0	7.0	-0.3264466543353137
1165	271049.0	521.0	6.0	-0.24698763822283354
1166	271280.0	524.0	6.0	-0.008319704266853023
1167	271510.0	524.0	6.0	-0.008319704266853023
1168	271742.0	525.0	6.0	0.07133541573023194
1169	271974.0	520.0	7.0	-0.3264466543353137
1170	272206.0	521.0	6.0	-0.24698763822283354
1171	272437.0	524.0	6.0	-0.008319704266853023
1172	272668.0	522.0	6.0	-0.16748057637391867
1173	272899.0	525.0	5.0	0.07133541573023194
1174	273130.0	525.0	6.0	0.07133541573023194
1175	273362.0	522.0	7.0	-0.16748057637391867
1176	273593.0	526.0	5.0	0.1510412010053983
1177	273824.0	522.0	6.0	-0.16748057637391867
1178	274056.0	525.0	5.0	0.07133541573023194
1179	274287.0	521.0	6.0	-0.24698763822283354
1180	274519.0	526.0	5.0	0.1510412010053983
1181	274750.0	522.0	6.0	-0.16748057637391867
1182	274982.0	525.0	5.0	0.07133541573023194
1183	275213.0	522.0	6.0	-0.16748057637391867
1184	275445.0	526.0	5.0	0.1510412010053983
1185	275676.0	522.0	6.0	-0.16748057637391867
1186	275907.0	526.0	5.0	0.1510412010053983
1187	276139.0	521.0	6.0	-0.24698763822283354
1188	276370.0	525.0	5.0	0.07133541573023194
1189	276602.0	523.0	6.0	-0.08792481639932248
1190	276834.0	526.0	5.0	0.1510412010053983
1191	277066.0	521.0	7.0	-0.24698763822283354
1192	277298.0	526.0	6.0	0.1510412010053983
1193	277612.0	522.0	6.0	-0.16748057637391867
1194	277844.0	527.0	5.0	0.23079831071106582
1195	278204.0	527.0	6.0	0.23079831071106582
1196	278436.0	522.0	6.0	-0.16748057637391867
1197	278668.0	526.0	5.0	0.1510412010053983
